step,close,price_return,action_delta,raw_target,risk_cap,shielded_target,target_position,prev_position,position,executed_trade,locked_position,sellable_position,limit_up,limit_down,pnl,cost,equity,max_equity,drawdown,dd_increase,reward
1,14.17,-0.008397480755773214,-0.6780118346214294,0.056066771803165216,1.0,0.056066771803165216,0.056066771803165216,0.12386795526530817,0.056066771803165216,-0.06780118346214295,0.0,0.12386795526530817,0,0,-0.0010401787705974026,6.780118346214295e-05,0.9988920200459405,1.0,0.0011079799540595348,0.0011079799540595348,-0.0012673654925918299
2,13.47,-0.04940014114326036,-0.7916468381881714,0.0,1.0,0.0,0.0,0.056066771803165216,0.0,-0.056066771803165216,0.0,0.056066771803165216,0,0,-0.0027697064405233316,5.6066771803165217e-05,0.996069377733688,1.0,0.003930622266312023,0.002822642312252488,-0.003250040299539158
3,14.78,0.09725315515961386,0.7536414265632629,0.0753641426563263,1.0,0.0753641426563263,0.0753641426563263,0.0,0.0753641426563263,0.0753641426563263,0.0,0.0,0,0,0.0,7.536414265632629e-05,0.9959943098190089,1.0,0.004005690180991062,7.506791467903895e-05,-0.00022666040336881123
4,14.44,-0.0230040595399188,0.38571953773498535,0.11393609642982483,1.0,0.11393609642982483,0.11393609642982483,0.0753641426563263,0.11393609642982483,0.038571953773498535,0.0753641426563263,0.0,0,0,-0.0017336812248410643,3.8571953773498535e-05,0.9942291557375501,1.0,0.005770844262449892,0.0017651540814588307,-0.004181163173823074
5,14.66,0.015235457063711957,0.209779292345047,0.13491402566432953,1.0,0.13491402566432953,0.13491402566432953,0.11393609642982483,0.13491402566432953,0.0209779292345047,0.038571953773498535,0.0753641426563263,0,0,0.0017358685051635414,2.09779292345047e-05,0.9959341499470383,1.0,0.004065850052961673,0.0,0.0015695896415932205
6,14.51,-0.010231923601637131,-0.02692028135061264,0.13222199752926828,1.0,0.13222199752926828,0.13222199752926828,0.13491402566432953,0.13222199752926828,-0.002692028135061253,0.0209779292345047,0.11393609642982483,0,0,-0.001380430003386731,2.692028135061253e-06,0.9945566514823017,1.0,0.005443348517698343,0.0013774984647366706,-0.0020951089771838265
7,14.03,-0.033080634045485904,-0.2766692042350769,0.10455507710576059,1.0,0.10455507710576059,0.10455507710576059,0.13222199752926828,0.10455507710576059,-0.027666920423507685,0.0,0.13222199752926828,0,0,-0.004373987513028865,2.7666920423507684e-05,0.990178956787985,1.0,0.009821043212015046,0.004377694694316703,-0.005189870344193727
8,13.75,-0.0199572344975053,0.16378837823867798,0.12093391492962839,1.0,0.12093391492962839,0.12093391492962839,0.10455507710576059,0.12093391492962839,0.0163788378238678,0.0,0.10455507710576059,0,0,-0.0020866301917044122,1.63788378238678e-05,0.9880966015010109,1.0,0.011903398498989137,0.0020823552869740913,-0.0030327159443851405
9,14.12,0.02690909090909085,-1.0,0.020933914929628386,1.0,0.020933914929628386,0.020933914929628386,0.12093391492962839,0.020933914929628386,-0.1,0.0163788378238678,0.10455507710576059,0,0,0.0032542217108336297,0.0001,0.9912132772538662,1.0,0.00878672274613379,0.0,0.002796045717813459
10,14.07,-0.0035410764872520492,1.0,0.12093391492962839,1.0,0.12093391492962839,0.12093391492962839,0.020933914929628386,0.12093391492962839,0.1,0.0,0.020933914929628386,0,0,-7.412859394344172e-05,0.0001,0.9910406786796,1.0,0.008959321320400004,0.00017259857426621394,-0.0003337232652622056
11,14.88,0.05756929637526656,-0.22542309761047363,0.09839160516858103,1.0,0.09839160516858103,0.09839160516858103,0.12093391492962839,0.1,-0.020933914929628386,0.1,0.020933914929628386,0,0,0.00696208039040505,2.0933914929628388e-05,0.9979196371934699,1.0,0.0020803628065301227,0.0,0.007056410815756908
12,14.53,-0.02352150537634418,0.009351360611617565,0.10093513606116176,1.0,0.10093513606116176,0.10093513606116176,0.1,0.10093513606116176,0.0009351360611617593,0.0,0.1,0,0,-0.0023521505376344182,9.351360611617593e-07,0.9955714467916905,1.0,0.0044285532083094825,0.0023481904017793598,-0.00436435501464573
13,14.58,0.0034411562284928227,-0.08739025890827179,0.09219611017033459,1.0,0.09219611017033459,0.09219611017033459,0.10093513606116176,0.09219611017033459,-0.008739025890827173,0.0009351360611617593,0.1,0,0,0.0003473335721306373,8.739025890827174e-06,0.9959085418539662,1.0,0.004091458146033844,0.0,-0.001686567161488287
14,14.11,-0.032235939643347096,-0.7612187266349792,0.01607423750683666,1.0,0.01607423750683666,0.01607423750683666,0.09219611017033459,0.01607423750683666,-0.07612187266349793,0.0,0.09219611017033459,0,0,-0.002972028242802285,7.612187266349793e-05,0.9928728631171206,1.0,0.007127136882879359,0.003035678736845515,-0.007229857492805263
15,13.96,-0.010630758327427256,0.3020065724849701,0.04627489475533367,1.0,0.04627489475533367,0.04627489475533367,0.01607423750683666,0.04627489475533367,0.030200657248497007,0.0,0.01607423750683666,0,0,-0.00017088133423284738,3.0200657248497006e-05,0.9926732142645174,1.0,0.007326785735482622,0.00019964885260326248,-0.0002295489675531268
16,13.99,0.002148997134670441,0.3915417790412903,0.0854290726594627,1.0,0.0854290726594627,0.0854290726594627,0.04627489475533367,0.0854290726594627,0.039154177904129034,0.030200657248497007,0.01607423750683666,0,0,9.944461623638827e-05,3.9154177904129035e-05,0.992733062967726,1.0,0.00726693703227399,0.0,7.380205938912293e-05
17,13.8,-0.013581129378127199,0.06246465444564819,0.09167553810402752,1.0,0.09167553810402752,0.09167553810402752,0.0854290726594627,0.09167553810402752,0.006246465444564822,0.039154177904129034,0.04627489475533367,0,0,-0.001160223288441592,6.246465444564823e-06,0.9915750698760915,1.0,0.008424930123908547,0.001157993091634557,-0.0010089449798850272
18,13.06,-0.05362318840579711,-0.6458193063735962,0.027093607466667904,1.0,0.027093607466667904,0.027093607466667904,0.09167553810402752,0.027093607466667904,-0.06458193063735962,0.006246465444564822,0.0854290726594627,0,0,-0.0049159346519551,6.458193063735963e-05,0.9866365137976884,1.0,0.013363486202311647,0.0049385560784031,-0.005184730496565119
19,12.63,-0.03292496171516077,-0.4840182065963745,0.0,1.0,0.0,0.0,0.027093607466667904,0.0,-0.027093607466667904,0.0,0.027093607466667904,0,0,-0.0008920559885656348,2.7093607466667907e-05,0.9857296472446004,1.0,0.014270352755399562,0.000906866553087915,-0.0012275240258989746
20,11.96,-0.05304829770387964,0.16435417532920837,0.016435417532920837,1.0,0.016435417532920837,0.016435417532920837,0.0,0.016435417532920837,0.016435417532920837,0.0,0.0,0,0,-0.0,1.6435417532920836e-05,0.9857134463662733,1.0,0.014286553633726662,1.6200878327099488e-05,-4.9333264893710655e-05
21,12.37,0.03428093645484936,-0.8157542943954468,0.0,1.0,0.0,0.0,0.016435417532920837,0.016435417532920837,-0.0,0.016435417532920837,0.0,0,0,0.0005634215040549762,0.0,0.9862688185187923,1.0,0.013731181481207666,0.0,0.0005962653268258697
22,11.83,-0.043654001616814805,0.45201438665390015,0.06163685619831086,1.0,0.06163685619831086,0.06163685619831086,0.016435417532920837,0.06163685619831086,0.04520143866539002,0.0,0.016435417532920837,0,0,-0.0007174717435551526,4.520143866539002e-05,0.9855166177404477,1.0,0.014483382259552258,0.0007522007783445916,-0.0008205851346896822
23,12.24,0.03465765004226544,-1.0,0.0,1.0,0.0,0.0,0.06163685619831086,0.04520143866539002,-0.01643541753292084,0.04520143866539002,0.01643541753292084,0,0,0.002136188591826497,1.643541753292084e-05,0.9876056697192221,1.0,0.012394330280777854,0.0,0.0021442100644869302
24,12.29,0.0040849673202613505,0.03905346989631653,0.04910678565502167,1.0,0.04910678565502167,0.04910678565502167,0.04520143866539002,0.04910678565502167,0.0039053469896316514,0.0,0.04520143866539002,0,0,0.00018464639977691606,3.905346989631652e-06,0.9877841706077061,1.0,0.012215829392293931,0.0,0.00026309208849906434
25,12.54,0.020341741253051264,0.11674828827381134,0.0607816144824028,1.0,0.0607816144824028,0.0607816144824028,0.04910678565502167,0.0607816144824028,0.011674828827381134,0.0039053469896316514,0.04520143866539002,0,0,0.0009989175275635003,1.1674828827381134e-05,0.9887593533180656,1.0,0.011240646681934363,0.0,0.0010617371719254913
26,12.33,-0.016746411483253516,0.20252832770347595,0.0810344472527504,1.0,0.0810344472527504,0.0810344472527504,0.0607816144824028,0.0810344472527504,0.020252832770347597,0.011674828827381134,0.04910678565502167,0,0,-0.0010178739267387986,2.0252832770347596e-05,0.9877328957746713,1.0,0.012267104225328729,0.0010264575433943657,-0.001663153994443885
27,11.88,-0.036496350364963445,-0.36334654688835144,0.04469979256391526,1.0,0.04469979256391526,0.04469979256391526,0.0810344472527504,0.04469979256391526,-0.03633465468883514,0.020252832770347597,0.0607816144824028,0,0,-0.0029574615785675283,3.633465468883514e-05,0.9847758247518376,1.0,0.015224175248162441,0.0029570710228337127,-0.003049935074029399
28,11.71,-0.014309764309764304,-0.3157350718975067,0.013126285374164583,1.0,0.013126285374164583,0.013126285374164583,0.04469979256391526,0.013126285374164583,-0.031573507189750674,0.0,0.04469979256391526,0,0,-0.0006396434962849824,3.157350718975067e-05,0.9841148264736533,1.0,0.015885173526346663,0.0006609982781842216,-0.000771275691422179
29,11.45,-0.022203245089667083,0.13147270679473877,0.026273556053638458,1.0,0.026273556053638458,0.026273556053638458,0.013126285374164583,0.026273556053638458,0.013147270679473876,0.0,0.013126285374164583,0,0,-0.00029144613127948864,1.3147270679473875e-05,0.9838150715907394,1.0,0.016184928409260557,0.00029975488291389407,-0.00030470440254435146
30,11.74,0.02532751091703065,-0.940768837928772,0.0,1.0,0.0,0.0,0.026273556053638458,0.013147270679473876,-0.013126285374164583,0.013147270679473876,0.013126285374164583,0,0,0.0006654437777777448,1.3126285374164582e-05,0.9844568313712284,1.0,0.015543168628771586,0.0,0.0006260896071932379
31,11.84,0.008517887563884127,0.27166032791137695,0.04031330347061157,1.0,0.04031330347061157,0.04031330347061157,0.013147270679473876,0.04031330347061157,0.027166032791137697,0.0,0.013147270679473876,0,0,0.00011198697341970894,2.71660327911377e-05,0.9845403339256735,1.0,0.015459666074326472,0.0,5.662090016157223e-05
32,11.56,-0.023648648648648594,0.018931657075881958,0.04220646917819977,1.0,0.04220646917819977,0.04220646917819977,0.04031330347061157,0.04220646917819977,0.0018931657075881986,0.027166032791137697,0.013147270679473876,0,0,-0.000953355149642839,1.8931657075881987e-06,0.9835998534302965,1.0,0.016400146569703455,0.000940480495376983,-0.0008785861784284295
33,11.95,0.03373702422145318,0.4672802686691284,0.08893449604511261,1.0,0.08893449604511261,0.08893449604511261,0.04220646917819977,0.08893449604511261,0.04672802686691284,0.0018931657075881986,0.04031330347061157,0,0,0.0014239206729669428,4.672802686691284e-05,0.9849544599151457,1.0,0.015045540084854259,0.0,0.001367358596263924
34,11.81,-0.011715481171548017,-0.38796108961105347,0.05013838708400726,1.0,0.05013838708400726,0.05013838708400726,0.08893449604511261,0.05013838708400726,-0.03879610896110535,0.04672802686691284,0.04220646917819977,0,0,-0.0010419104139176283,3.879610896110535e-05,0.9838900132055769,1.0,0.016109986794423103,0.0010644467095688448,-0.001135865570341079
35,12.13,0.02709568162574092,0.34862032532691956,0.08500041961669921,1.0,0.08500041961669921,0.08500041961669921,0.05013838708400726,0.08500041961669921,0.034862032532691954,0.0,0.05013838708400726,0,0,0.0013585337736564214,3.486203253269195e-05,0.9851923606124309,1.0,0.014807639387569127,0.0,0.0008588100311650471
36,12.14,0.0008244023083264457,0.21897007524967194,0.1068974271416664,1.0,0.1068974271416664,0.1068974271416664,0.08500041961669921,0.1068974271416664,0.02189700752496719,0.034862032532691954,0.05013838708400726,0,0,7.007454214072333e-05,2.1897007524967192e-05,0.9852398247514874,1.0,0.014760175248512586,0.0,-0.0012206602518427113
37,11.93,-0.01729818780889628,-0.06305339932441711,0.10059208720922469,1.0,0.10059208720922469,0.10059208720922469,0.1068974271416664,0.10059208720922469,-0.006305339932441714,0.02189700752496719,0.08500041961669921,0,0,-0.001849131770984352,6.305339932441714e-06,0.9834117742174904,1.0,0.016588225782509625,0.0018280505339970388,-0.002913342640815107
38,11.62,-0.025984911986588474,-0.21673254668712616,0.07891883254051207,1.0,0.07891883254051207,0.07891883254051207,0.10059208720922469,0.07891883254051207,-0.021673254668712616,0.0,0.10059208720922469,0,0,-0.002613876532678936,2.1673254668712616e-05,0.9808199435250763,1.0,0.019180056474923712,0.0025918306924140877,-0.0039320240519992705
39,11.61,-0.0008605851979345772,0.41213303804397583,0.12013213634490966,1.0,0.12013213634490966,0.12013213634490966,0.07891883254051207,0.12013213634490966,0.04121330380439758,0.0,0.07891883254051207,0,0,-6.791637912264234e-05,4.121330380439759e-05,0.980712906955631,1.0,0.01928709304436904,0.00010703656944532902,-3.516179847309016e-05
40,11.52,-0.007751937984496112,-0.4293583929538727,0.07719629704952238,1.0,0.07719629704952238,0.07719629704952238,0.12013213634490966,0.07719629704952238,-0.042935839295387274,0.04121330380439758,0.07891883254051207,0,0,-0.0009312568708907711,4.293583929538727e-05,0.9797575035908893,1.0,0.02024249640911069,0.0009554033647416471,-0.0009921394000964783
41,11.75,0.019965277777777814,-0.6167697310447693,0.015519323945045453,1.0,0.015519323945045453,0.015519323945045453,0.07719629704952238,0.015519323945045453,-0.06167697310447693,0.0,0.07719629704952238,0,0,0.0015412455140095642,6.167697310447693e-05,0.9812071219709181,1.0,0.018792878029081916,0.0,0.0012638752114356995
42,11.45,-0.025531914893617082,1.0,0.11551932394504547,1.0,0.11551932394504547,0.11551932394504547,0.015519323945045453,0.11551932394504547,0.1,0.0,0.015519323945045453,0,0,-0.0003962380581713742,0.0001,0.9807202096540474,1.0,0.01927979034595262,0.00048691231687070236,-0.0006665338817017554
43,11.85,0.03493449781659392,-0.8928166627883911,0.02623765766620635,1.0,0.02623765766620635,0.02623765766620635,0.11551932394504547,0.1,-0.01551932394504546,0.1,0.01551932394504546,0,0,0.004035609570132596,1.551932394504546e-05,0.9846627934031166,1.0,0.015337206596883424,0.0,0.004157012950407369
44,11.71,-0.01181434599156108,-0.28451091051101685,0.07154890894889832,1.0,0.07154890894889832,0.07154890894889832,0.1,0.07154890894889832,-0.02845109105110169,0.0,0.1,0,0,-0.001181434599156108,2.8451091051101692e-05,0.9834714639796988,1.0,0.016528536020301243,0.0011913294234178196,-0.0022250025956136953
45,11.45,-0.022203245089667083,0.04693412035703659,0.07624232098460197,1.0,0.07624232098460197,0.07624232098460197,0.07154890894889832,0.07624232098460197,0.004693412035703656,0.0,0.07154890894889832,0,0,-0.0015886179612906637,4.693412035703656e-06,0.9819044877107981,1.0,0.01809551228920192,0.0015669762689006772,-0.0016569296163335212
46,11.51,0.005240174672489127,0.16932463645935059,0.09317478463053704,1.0,0.09317478463053704,0.09317478463053704,0.07624232098460197,0.09317478463053704,0.016932463645935064,0.004693412035703656,0.07154890894889832,0,0,0.00039952307939529756,1.6932463645935064e-05,0.9822801551533585,1.0,0.017719844846641464,0.0,0.0005003421763776016
47,11.54,0.002606429192006895,-0.02171647548675537,0.0910031370818615,1.0,0.0910031370818615,0.0910031370818615,0.09317478463053704,0.0910031370818615,-0.0021716475486755343,0.016932463645935064,0.07624232098460197,0,0,0.0002428534786199871,2.1716475486755344e-06,0.982516572139726,1.0,0.017483427860274015,0.0,0.00041317335794445844
48,11.61,0.0060658578856152764,0.10717527568340302,0.1017206646502018,1.0,0.1017206646502018,0.1017206646502018,0.0910031370818615,0.1017206646502018,0.010717527568340296,0.0,0.0910031370818615,0,0,0.0005520120966837376,1.0717527568340296e-05,0.9830484030242912,1.0,0.016951596975708805,0.0,0.000677781682217051
49,11.42,-0.016365202411714,-0.15939702093601227,0.08578096255660057,1.0,0.08578096255660057,0.08578096255660057,0.1017206646502018,0.08578096255660057,-0.015939702093601224,0.010717527568340296,0.0910031370818615,0,0,-0.0016646792664546334,1.5939702093601225e-05,0.9813962732311675,1.0,0.018603726768832485,0.00165212979312368,-0.0015735516891631524
50,10.99,-0.03765323992994744,0.08845341205596924,0.0946263037621975,1.0,0.0946263037621975,0.0946263037621975,0.08578096255660057,0.0946263037621975,0.008845341205596921,0.0,0.08578096255660057,0,0,-0.0032299311645655185,8.845341205596921e-06,0.9782177500385751,1.0,0.02178224996142486,0.003178523192592375,-0.003085800676805477
51,11.13,0.012738853503184764,0.11853629350662231,0.10647993311285972,1.0,0.10647993311285972,0.10647993311285972,0.0946263037621975,0.10647993311285972,0.011853629350662226,0.008845341205596921,0.08578096255660057,0,0,0.0012054306211744953,1.1853629350662227e-05,0.9793853282380147,1.0,0.02061467176198528,0.0,0.0013579885430313314
52,11.24,0.009883198562443794,-0.48761963844299316,0.057717969268560404,1.0,0.057717969268560404,0.057717969268560404,0.10647993311285972,0.057717969268560404,-0.048761963844299316,0.011853629350662226,0.0946263037621975,0,0,0.0010523623218701265,4.876196384429932e-05,0.9803682397040796,1.0,0.019631760295920397,0.0,0.0009236553047881021
53,11.09,-0.013345195729537398,0.6645084619522095,0.12416881546378135,1.0,0.12416881546378135,0.12416881546378135,0.057717969268560404,0.12416881546378135,0.06645084619522094,0.0,0.057717969268560404,0,0,-0.0007702575970003631,6.645084619522095e-05,0.9795479573204784,1.0,0.02045204267952161,0.0008202823836012119,-0.0008557159865222729
54,11.27,0.016230838593327298,-0.07414770126342773,0.11675404533743858,1.0,0.11675404533743858,0.11675404533743858,0.12416881546378135,0.11675404533743858,-0.007414770126342771,0.06645084619522094,0.057717969268560404,0,0,0.0020153640021172777,7.4147701263427705e-06,0.9815148398890783,1.0,0.018485160110921717,0.0,0.0022104350914501753
55,11.25,-0.0017746228926352773,-0.6923377513885498,0.0475202701985836,1.0,0.0475202701985836,0.0475202701985836,0.11675404533743858,0.0475202701985836,-0.06923377513885498,0.0,0.11675404533743858,0,0,-0.00020719440166359557,6.923377513885498e-05,0.9812435215313832,1.0,0.018756478468616833,0.00027131835769511614,-0.0004585485545686779
56,11.37,0.010666666666666597,0.31193721294403076,0.07871399149298668,1.0,0.07871399149298668,0.07871399149298668,0.0475202701985836,0.07871399149298668,0.03119372129440308,0.0,0.0475202701985836,0,0,0.0005068828821182217,3.119372129440308e-05,0.9817102884387041,1.0,0.018289711561295885,0.0,-0.00015249255267380305
57,11.02,-0.030782761653474027,-0.29772818088531494,0.04894117340445518,1.0,0.04894117340445518,0.04894117340445518,0.07871399149298668,0.04894117340445518,-0.029772818088531494,0.03119372129440308,0.0475202701985836,0,0,-0.002423034038922191,2.9772818088531494e-05,0.9793023427116236,1.0,0.02069765728837636,0.002407945727080474,-0.0034349432799104474
58,11.06,0.003629764065335837,-0.699292778968811,0.0,1.0,0.0,0.0,0.04894117340445518,0.0,-0.04894117340445518,0.0,0.04894117340445518,0,0,0.0001776449125388614,4.894117340445518e-05,0.9794283825848737,1.0,0.020571617415126253,0.0,-0.0002670609544834145
59,10.54,-0.04701627486437625,0.32897236943244934,0.03289723694324494,1.0,0.03289723694324494,0.03289723694324494,0.0,0.03289723694324494,0.03289723694324494,0.0,0.0,0,0,-0.0,3.289723694324494e-05,0.979396162097303,1.0,0.020603837902697042,3.222048757078877e-05,-9.879993364958481e-05
60,10.55,0.0009487666034157081,0.0014539547264575958,0.0330426324158907,1.0,0.0330426324158907,0.0330426324158907,0.03289723694324494,0.0330426324158907,0.00014539547264576236,0.03289723694324494,0.0,0,0,3.121179975640425e-05,1.4539547264576236e-07,0.9794265884144289,1.0,0.020573411585571133,0.0,9.646090566925968e-05
61,10.53,-0.0018957345971565259,0.1300828903913498,0.04605092145502568,1.0,0.04605092145502568,0.04605092145502568,0.0330426324158907,0.04605092145502568,0.01300828903913498,0.00014539547264576236,0.03289723694324494,0,0,-6.264006145192972e-05,1.3008289039134979e-05,0.9793524964085881,1.0,0.020647503591411875,7.409200584074238e-05,-3.579173247423895e-05
62,9.16,-0.1301044634377967,0.030679449439048767,0.04911886639893055,1.0,0.04911886639893055,0.04911886639893055,0.04605092145502568,0.04911886639893055,0.003067944943904874,0.01300828903913498,0.0330426324158907,0,1,-0.0059914304267222355,3.067944943904874e-06,0.9734817694635797,1.0,0.02651823053642033,0.005870726945008453,-0.00590877368494753
63,8.78,-0.04148471615720532,-1.0,0.0,1.0,0.0,0.0,0.04911886639893055,0.003067944943904874,-0.04605092145502568,0.003067944943904874,0.04605092145502568,0,0,-0.002037682230523324,4.605092145502568e-05,0.9714532932277018,1.0,0.028546706772298203,0.002028476235877874,-0.002261801889139261
64,8.71,-0.007972665148063612,0.5987364053726196,0.06294158548116684,1.0,0.06294158548116684,0.06294158548116684,0.003067944943904874,0.06294158548116684,0.05987364053726196,0.0,0.003067944943904874,0,0,-2.4459697730448363e-05,5.9873640537261965e-05,0.9713713673285127,1.0,0.028628632671487297,8.192589918909476e-05,-0.00019834089377271282
65,8.39,-0.03673938002296214,0.2522209882736206,0.0881636843085289,1.0,0.0881636843085289,0.0881636843085289,0.06294158548116684,0.0881636843085289,0.025222098827362066,0.05987364053726196,0.003067944943904874,0,0,-0.0023124348282403447,2.5222098827362065e-05,0.9691006343229219,1.0,0.030899365677078072,0.002270733005590775,-0.002262995237283183
66,8.58,0.02264600715137062,-0.9443880319595337,0.0,1.0,0.0,0.0,0.0881636843085289,0.025222098827362066,-0.06294158548116684,0.025222098827362066,0.06294158548116684,0,0,0.001996555425342127,6.294158548116684e-05,0.9709745007216667,1.0,0.02902549927833331,0.0,0.0017322280801640914
67,8.2,-0.04428904428904438,0.4331492781639099,0.06853702664375305,1.0,0.06853702664375305,0.06853702664375305,0.025222098827362066,0.06853702664375305,0.043314927816390986,0.0,0.025222098827362066,0,0,-0.0011170626520276927,4.331492781639099e-05,0.9698478036804289,1.0,0.030152196319571112,0.0011266970412378008,-0.0011970329702242584
68,8.43,0.028048780487804934,-0.7560218572616577,0.0,1.0,0.0,0.0,0.06853702664375305,0.043314927816390986,-0.025222098827362066,0.043314927816390986,0.025222098827362066,0,0,0.0019223800156174674,2.5222098827362065e-05,0.9716877581192628,1.0,0.02831224188073722,0.0,0.0018827117588162655
69,9.47,0.12336892052194555,0.6021519303321838,0.10353012084960937,1.0,0.10353012084960937,0.10353012084960937,0.043314927816390986,0.043314927816390986,0.0,0.0,0.043314927816390986,1,0,0.005343715887194148,0.0,0.9768801814297167,1.0,0.023119818570283335,0.0,0.0054301581245297555
70,9.01,-0.04857444561774032,1.0,0.143314927816391,1.0,0.143314927816391,0.143314927816391,0.043314927816390986,0.143314927816391,0.1,0.0,0.043314927816390986,0,0,-0.002103998605653631,0.0001,0.974727138871955,1.0,0.025272861128045054,0.0021530425577617196,-0.004664170510806885
71,9.01,0.0,-0.33565154671669006,0.10974977314472198,1.0,0.10974977314472198,0.10974977314472198,0.143314927816391,0.10974977314472198,-0.03356515467166901,0.1,0.043314927816390986,0,0,0.0,3.3565154671669015e-05,0.9746944220047761,1.0,0.025305577995223927,3.2716867178872455e-05,-0.0010406358614598811
72,8.82,-0.021087680355160877,-0.9486344456672668,0.014886328577995295,1.0,0.014886328577995295,0.014886328577995295,0.10974977314472198,0.014886328577995295,-0.09486344456672668,0.0,0.10974977314472198,0,0,-0.0023143681351273167,9.486344456672668e-05,0.9723461574227305,1.0,0.02765384257726955,0.0023482645820456227,-0.003081426723405137
73,8.91,0.010204081632653045,1.0,0.1148863285779953,1.0,0.1148863285779953,0.1148863285779953,0.014886328577995295,0.1148863285779953,0.1,0.0,0.014886328577995295,0,0,0.0001519013120203599,0.0001,0.9723966234640387,1.0,0.027603376535961344,0.0,-0.001305172019556496
74,8.89,-0.00224466891133553,-0.07507845759391785,0.10737848281860352,1.0,0.10737848281860352,0.10737848281860352,0.1148863285779953,0.10737848281860352,-0.007507845759391785,0.1,0.014886328577995295,0,0,-0.0002578817700965047,7.507845759391785e-06,0.9721385594976779,1.0,0.027861440502322088,0.00025806396636074425,-0.0009378958117494229
75,8.92,0.003374578177727712,-0.7536174654960632,0.03201673626899719,1.0,0.03201673626899719,0.03201673626899719,0.10737848281860352,0.03201673626899719,-0.07536174654960633,0.0,0.10737848281860352,0,0,0.0003623570848771695,7.536174654960633e-05,0.9724175587324622,1.0,0.02758244126753784,0.0,4.947931752700033e-05
76,9.07,0.01681614349775789,0.691199541091919,0.10113669037818909,1.0,0.10113669037818909,0.10113669037818909,0.03201673626899719,0.10113669037818909,0.0691199541091919,0.0,0.03201673626899719,0,0,0.0005383980314293263,6.911995410919191e-05,0.9728738929747764,1.0,0.027126107025223556,0.0,0.0003940487786256796
77,9.17,0.011025358324145496,0.15062843263149261,0.11619953364133835,1.0,0.11619953364133835,0.11619953364133835,0.10113669037818909,0.11619953364133835,0.015062843263149259,0.0691199541091919,0.03201673626899719,0,0,0.0011150682511376928,1.5062843263149259e-05,0.9739440595182286,1.0,0.0260559404817714,0.0,0.0012708028689427766
78,9.43,0.028353326063249706,-0.3718494772911072,0.07901458591222763,1.0,0.07901458591222763,0.07901458591222763,0.11619953364133835,0.07901458591222763,-0.037184947729110726,0.015062843263149259,0.10113669037818909,0,0,0.0032946432657304198,3.718494772911073e-05,0.9771166416961741,1.0,0.02288335830382593,0.0,0.0013209898770083952
79,9.42,-0.0010604453870625436,1.0,0.17901458591222763,1.0,0.17901458591222763,0.17901458591222763,0.07901458591222763,0.17901458591222763,0.1,0.0,0.07901458591222763,0,0,-8.379065314127882e-05,0.0001,0.9769370567904015,1.0,0.023062943209598452,0.00017958490577252295,-0.003412996172151659
80,9.61,0.02016985138004241,0.11996960639953613,0.19101154655218125,1.0,0.19101154655218125,0.19101154655218125,0.17901458591222763,0.19101154655218125,0.011996960639953619,0.1,0.07901458591222763,0,0,0.003610697592709465,1.199696063995362e-05,0.9804527607941652,1.0,0.019547239205834788,0.0,0.0006642205322826657
81,9.35,-0.027055150884495296,-0.04610097408294678,0.18640144914388657,1.0,0.18640144914388657,0.18640144914388657,0.19101154655218125,0.18640144914388657,-0.004610097408294683,0.011996960639953619,0.17901458591222763,0,0,-0.005167846212650061,4.610097408294684e-06,0.9753814117248812,1.0,0.024618588275118758,0.00507134906928397,-0.009326327163095418
82,9.21,-0.014973262032085433,-0.16701266169548035,0.16970018297433853,1.0,0.16970018297433853,0.16970018297433853,0.18640144914388657,0.16970018297433853,-0.016701266169548035,0.0,0.18640144914388657,0,0,-0.00279103774119186,1.6701266169548036e-05,0.972642795288126,1.0,0.027357204711873973,0.0027386164367552146,-0.004854492079094366
83,9.16,-0.005428881650380099,-1.0,0.06970018297433853,1.0,0.06970018297433853,0.06970018297433853,0.16970018297433853,0.06970018297433853,-0.1,0.0,0.16970018297433853,0,0,-0.0009212822094155317,0.0001,0.9716494525051821,1.0,0.028350547494817913,0.00099334278294394,-0.002236945391573338
84,9.41,0.027292576419213975,0.5512104034423828,0.12482122331857681,1.0,0.12482122331857681,0.12482122331857681,0.06970018297433853,0.12482122331857681,0.05512104034423829,0.0,0.06970018297433853,0,0,0.001902297570260331,5.512104034423829e-05,0.9734442605691553,1.0,0.02655573943084466,0.0,0.0018747767813972185
85,9.49,0.008501594048884174,-0.2968255877494812,0.0951386645436287,1.0,0.0951386645436287,0.0951386645436287,0.12482122331857681,0.0951386645436287,-0.029682558774948117,0.05512104034423829,0.06970018297433853,0,0,0.0010611793693396552,2.9682558774948117e-05,0.974448365219195,1.0,0.02555163478080502,0.0,5.9702536040653046e-05
86,9.4,-0.009483667017913578,-0.3434601128101349,0.0607926532626152,1.0,0.0607926532626152,0.0607926532626152,0.0951386645436287,0.0607926532626152,-0.03434601128101349,0.0,0.0951386645436287,0,0,-0.0009022634150607555,3.43460112810135e-05,0.9735356876948473,1.0,0.02646431230515267,0.0009126775243476493,-0.001502936654115478
87,9.71,0.032978723404255374,-0.44965222477912903,0.0158274307847023,1.0,0.0158274307847023,0.0158274307847023,0.0607926532626152,0.0158274307847023,-0.0449652224779129,0.0,0.0607926532626152,0,0,0.00200486409695859,4.4965222477912904e-05,0.9754437191934272,1.0,0.024556280806572794,0.0,0.0005986031344690561
88,9.68,-0.003089598352214329,0.5755516290664673,0.07338259369134903,1.0,0.07338259369134903,0.07338259369134903,0.0158274307847023,0.07338259369134903,0.05755516290664673,0.0,0.0158274307847023,0,0,-4.8900404072202574e-05,5.755516290664673e-05,0.9753398777792445,1.0,0.02466012222075553,0.00010384141418273707,-0.004473765088173451
89,9.84,0.016528925619834725,-0.2786993384361267,0.04551265984773636,1.0,0.04551265984773636,0.04551265984773636,0.07338259369134903,0.05755516290664673,-0.0158274307847023,0.05755516290664673,0.0158274307847023,0,0,0.0012129354329148611,1.58274307847023e-05,0.9765074649517307,1.0,0.023492535048269314,0.0,-0.0029931795883756836
90,9.44,-0.040650406504065074,0.8917397260665894,0.14672913551330566,1.0,0.14672913551330566,0.14672913551330566,0.05755516290664673,0.14672913551330566,0.08917397260665894,0.0,0.05755516290664673,0,0,-0.002339640768562877,8.917397260665894e-05,0.9741357092259938,1.0,0.025864290774006204,0.0023717557257368904,-0.005988828333092415
91,9.34,-0.010593220338983014,-1.0,0.04672913551330565,1.0,0.04672913551330565,0.04672913551330565,0.14672913551330566,0.08917397260665894,-0.05755516290664672,0.08917397260665894,0.05755516290664672,0,0,-0.0015543340626409444,5.755516290664672e-05,0.9725655103720713,1.0,0.027434489627928715,0.001570198853922511,-0.0017902440643628786
92,9.25,-0.009635974304068507,-0.5743628740310669,0.031737685203552246,1.0,0.031737685203552246,0.031737685203552246,0.08917397260665894,0.031737685203552246,-0.05743628740310669,0.0,0.08917397260665894,0,0,-0.0008592781086294744,5.743628740310669e-05,0.9716739455676284,1.0,0.028326054432371572,0.000891564804442857,-0.0010830849033041112
93,8.63,-0.06702702702702694,0.0293329656124115,0.0346709817647934,1.0,0.0346709817647934,0.0346709817647934,0.031737685203552246,0.0346709817647934,0.0029332965612411527,0.0,0.031737685203552246,0,0,-0.0021272826839137692,2.933296561241153e-06,0.9696040702009691,1.0,0.03039592979903094,0.0020698753666593683,-0.002072727410888041
94,8.55,-0.009269988412514491,-0.6781637668609619,0.0,1.0,0.0,0.0,0.0346709817647934,0.0029332965612411527,-0.031737685203552246,0.0029332965612411527,0.031737685203552246,0,0,-0.00032139959921013604,3.173768520355225e-05,0.9692616668526618,1.0,0.030738333147338204,0.00034240334830726304,-0.0004742222925282866
95,8.48,-0.008187134502924008,-0.3729645013809204,0.0,1.0,0.0,0.0,0.0029332965612411527,0.0,-0.0029332965612411527,0.0,0.0029332965612411527,0,0,-2.4015293483845787e-05,2.933296561241153e-06,0.9692355466173554,1.0,0.030764453382644552,2.6120235306348327e-05,-0.00023868177629005156
96,8.61,0.015330188679245165,0.9768513441085815,0.09768513441085816,1.0,0.09768513441085816,0.09768513441085816,0.0,0.09768513441085816,0.09768513441085816,0.0,0.0,0,0,0.0,9.768513441085816e-05,0.9691408667127083,1.0,0.03085913328729173,9.46799046471769e-05,-0.00029400964178106126
97,8.28,-0.03832752613240419,-0.5591465830802917,0.04177047610282898,1.0,0.04177047610282898,0.04177047610282898,0.09768513441085816,0.09768513441085816,-0.0,0.09768513441085816,0.0,0,0,-0.0037440295418795823,0.0,0.9655123746774931,1.0,0.03448762532250693,0.003628492035215203,-0.003549613511606353
98,8.35,0.008454106280193273,-0.46822836995124817,0.05086229741573334,1.0,0.05086229741573334,0.05086229741573334,0.09768513441085816,0.05086229741573334,-0.04682283699512482,0.0,0.09768513441085816,0,0,0.00082584050830436,4.682283699512482e-05,0.9662645258792345,1.0,0.033735474120765496,0.0,0.0006931922208303617
99,8.82,0.05628742514970068,0.009247943758964539,0.05178709179162979,1.0,0.05178709179162979,0.05178709179162979,0.05086229741573334,0.05178709179162979,0.0009247943758964525,0.0,0.05086229741573334,0,0,0.0028629077587299045,9.247943758964525e-07,0.9690299584913604,1.0,0.03097004150863958,0.0,0.002961589780146058
100,8.92,0.011337868480725584,-0.0070914626121521,0.05107794553041458,1.0,0.05107794553041458,0.05107794553041458,0.05178709179162979,0.05107794553041458,-0.00070914626121521,0.0009247943758964525,0.05086229741573334,0,0,0.000587155235732762,7.0914626121521e-07,0.9695982423210985,1.0,0.03040175767890152,0.0,-0.000104635969918186
101,9.12,0.02242152466367705,1.0,0.1510779455304146,1.0,0.1510779455304146,0.1510779455304146,0.05107794553041458,0.1510779455304146,0.1,0.0,0.05107794553041458,0,0,0.0011452454154801434,0.0001,0.9706117104387422,1.0,0.02938828956125783,0.0,-0.0009392737122468997
102,8.78,-0.037280701754385956,-0.5056732892990112,0.10051061660051347,1.0,0.10051061660051347,0.10051061660051347,0.1510779455304146,0.10051061660051347,-0.05056732892990112,0.1,0.05107794553041459,0,0,-0.0056322918289847534,5.0567328929901124e-05,0.9650958607912962,1.0,0.03490413920870383,0.005515849647446003,-0.008681887517942773
103,8.74,-0.00455580865603635,0.4569064974784851,0.14620126634836197,1.0,0.14620126634836197,0.14620126634836197,0.10051061660051347,0.14620126634836197,0.045690649747848505,0.0,0.10051061660051347,0,0,-0.0004579071371321701,4.5690649747848506e-05,0.9646098406516747,1.0,0.035390159348325345,0.00048602013962151247,-0.002377900400015531
104,8.74,0.0,-0.42427772283554077,0.1037734940648079,1.0,0.1037734940648079,0.1037734940648079,0.14620126634836197,0.1037734940648079,-0.04242777228355407,0.045690649747848505,0.10051061660051347,0,0,0.0,4.2427772283554075e-05,0.964568914405013,1.0,0.03543108559498698,4.092624666163225e-05,-0.001468585904548618
105,8.82,0.009153318077803212,0.13769635558128357,0.11754312962293625,1.0,0.11754312962293625,0.11754312962293625,0.1037734940648079,0.11754312962293625,0.013769635558128351,0.0,0.1037734940648079,0,0,0.0009498717992202105,1.3769635558128352e-05,0.9654718494527886,1.0,0.03452815054721137,0.0,0.0011147282419432859
106,8.91,0.010204081632653045,-0.42513811588287354,0.0750293180346489,1.0,0.0750293180346489,0.0750293180346489,0.11754312962293625,0.0750293180346489,-0.04251381158828735,0.013769635558128351,0.1037734940648079,0,0,0.0011994196900299598,4.251381158828735e-05,0.9665888095108905,1.0,0.033411190489109455,0.0,0.0011363463283013465
107,9.06,0.016835016835016876,0.28388169407844543,0.10341748744249345,1.0,0.10341748744249345,0.10341748744249345,0.0750293180346489,0.10341748744249345,0.02838816940784454,0.0,0.0750293180346489,0,0,0.0012631198322331496,2.838816940784454e-05,0.9677822873189261,1.0,0.03221771268107387,0.0,0.001326944442408022
108,8.88,-0.01986754966887414,0.22925391793251038,0.1263428792357445,1.0,0.1263428792357445,0.1263428792357445,0.10341748744249345,0.1263428792357445,0.02292539179325105,0.02838816940784454,0.0750293180346489,0,0,-0.002054652068393906,2.2925391793251052e-05,0.9657716446524239,1.0,0.03422835534757607,0.0020106426665021937,-0.0038372147532045337
109,9.1,0.024774774774774643,0.07640762627124786,0.1339836418628693,1.0,0.1339836418628693,0.1339836418628693,0.1263428792357445,0.1339836418628693,0.007640762627124792,0.02292539179325105,0.10341748744249345,0,0,0.003130116377462122,7.640762627124792e-06,0.9687872430623503,1.0,0.03121275693764969,0.0,0.0025870992572914722
110,9.05,-0.005494505494505378,-0.3027850389480591,0.10370513796806338,1.0,0.10370513796806338,0.10370513796806338,0.1339836418628693,0.10370513796806338,-0.030278503894805908,0.007640762627124792,0.1263428792357445,0,0,-0.0007361738563893761,3.027850389480591e-05,0.9680447137932919,1.0,0.03195528620670807,0.0007425292690583785,-0.003466948435321777
111,8.75,-0.03314917127071831,-0.3932762145996094,0.06437751650810244,1.0,0.06437751650810244,0.06437751650810244,0.10370513796806338,0.06437751650810244,-0.03932762145996094,0.0,0.10370513796806338,0,0,-0.003437739380156805,3.932762145996094e-05,0.9646787574628717,1.0,0.03532124253712832,0.00336595633042025,-0.00560877925369513
112,8.6,-0.017142857142857182,0.6870163679122925,0.13307915329933168,1.0,0.13307915329933168,0.13307915329933168,0.06437751650810244,0.13307915329933168,0.06870163679122923,0.0,0.06437751650810244,0,0,-0.00110361456871033,6.870163679122924e-05,0.9635478489223949,1.0,0.03645215107760513,0.001130908540476816,-0.0011827354521720998
113,8.58,-0.0023255813953487877,-0.7011033892631531,0.06296881437301637,1.0,0.06296881437301637,0.06296881437301637,0.13307915329933168,0.06870163679122923,-0.06437751650810244,0.06870163679122923,0.06437751650810244,0,0,-0.000309486403021695,6.437751650810244e-05,0.9631876131469422,1.0,0.036812386853057766,0.0003602357754526331,-0.0004944427034695283
114,8.72,0.016317016317016382,-0.14774245023727417,0.05392739176750182,1.0,0.05392739176750182,0.05392739176750182,0.06870163679122923,0.05392739176750182,-0.014774245023727414,0.0,0.06870163679122923,0,0,0.0011210057285282204,1.4774245023727415e-05,0.9642531216091269,1.0,0.035746878390873094,0.0,0.0011546984705863026
115,8.6,-0.01376146788990837,0.43572646379470825,0.09750003814697264,1.0,0.09750003814697264,0.09750003814697264,0.05392739176750182,0.09750003814697264,0.04357264637947082,0.0,0.05392739176750182,0,0,-0.0007421200701949852,4.3572646379470824e-05,0.9634955149545444,1.0,0.03650448504545556,0.0007576066545824656,-0.0007659338515422602
116,8.6,0.0,-0.7480502128601074,0.022695016860961897,1.0,0.022695016860961897,0.022695016860961897,0.09750003814697264,0.04357264637947082,-0.05392739176750182,0.04357264637947082,0.05392739176750182,0,0,0.0,5.3927391767501815e-05,0.9634435561544433,1.0,0.036556443845556674,5.195880010111509e-05,-0.00018268152362981848
117,8.38,-0.025581395348837077,-0.09914109110832214,0.03365853726863861,1.0,0.03365853726863861,0.03365853726863861,0.04357264637947082,0.03365853726863861,-0.009914109110832216,0.0,0.04357264637947082,0,0,-0.0011146490934283177,9.914109110832217e-06,0.9623601029834685,1.0,0.037639897016531476,0.0010834531709748019,-0.0010970158541583083
118,8.41,0.003579952267303026,0.7244778871536255,0.10610632598400116,1.0,0.10610632598400116,0.10610632598400116,0.03365853726863861,0.10610632598400116,0.07244778871536256,0.0,0.03365853726863861,0,0,0.00012049595680896618,7.244778871536256e-05,0.9624063426234635,1.0,0.03759365737653653,0.0,-3.06561900412266e-05
119,8.42,0.0011890606420927215,-0.6395235061645508,0.04215397536754607,1.0,0.04215397536754607,0.04215397536754607,0.10610632598400116,0.07244778871536256,-0.0336585372686386,0.07244778871536256,0.0336585372686386,0,0,0.00012616685610463603,3.36585372686386e-05,0.9624953732162566,1.0,0.037504626783743444,0.0,0.00010224487898319358
120,8.34,-0.009501187648456066,0.3814653158187866,0.11059432029724123,1.0,0.11059432029724123,0.11059432029724123,0.07244778871536256,0.11059432029724123,0.03814653158187867,0.0,0.07244778871536256,0,0,-0.0006883400353003575,3.814653158187867e-05,0.9617961332569287,1.0,0.0382038667430713,0.0006992399593278575,-0.0006591071629834693
121,8.47,0.015587529976019279,-0.5123919248580933,0.0593551278114319,1.0,0.0593551278114319,0.0593551278114319,0.11059432029724123,0.0593551278114319,-0.051239192485809326,0.03814653158187867,0.07244778871536256,0,0,0.001723892282810725,5.123919248580933e-05,0.9634048845314833,1.0,0.03659511546851668,0.0,0.0015860542728847909
122,8.56,0.010625737898465154,0.018573731184005737,0.06121250092983248,1.0,0.06121250092983248,0.06121250092983248,0.0593551278114319,0.06121250092983248,0.0018573731184005765,0.0,0.0593551278114319,0,0,0.000630692031054175,1.8573731184005766e-06,0.9640107069125012,1.0,0.035989293087498764,0.0,0.0007434554702948285
123,8.55,-0.0011682242990653955,0.6652845144271851,0.12774095237255098,1.0,0.12774095237255098,0.12774095237255098,0.06121250092983248,0.12774095237255098,0.0665284514427185,0.0018573731184005765,0.0593551278114319,0,0,-7.150993099279342e-05,6.65284514427185e-05,0.9638776364338685,1.0,0.03612236356613152,0.00013307047863275745,-0.0008334610423356571
124,8.94,0.045614035087719156,-0.2135648876428604,0.10638446360826494,1.0,0.10638446360826494,0.10638446360826494,0.12774095237255098,0.10638446360826494,-0.021356488764286044,0.0665284514427185,0.06121250092983248,0,0,0.005826780283660202,2.1356488764286043e-05,0.9694733545997897,1.0,0.030526645400210328,0.0,0.005463777404671478
125,8.85,-0.010067114093959717,0.05391290783882141,0.11177575439214708,1.0,0.11177575439214708,0.11177575439214708,0.10638446360826494,0.11177575439214708,0.005391290783882147,0.0,0.10638446360826494,0,0,-0.0010709845329691086,5.391290783882147e-06,0.9684298369191258,1.0,0.031570163080874236,0.001043517680663908,-0.004551400820099273
126,8.99,0.015819209039548088,-0.010891646146774292,0.11068658977746966,1.0,0.11068658977746966,0.11068658977746966,0.11177575439214708,0.11068658977746966,-0.0010891646146774236,0.005391290783882147,0.10638446360826494,0,0,0.0017682040242825601,1.0891646146774238e-06,0.9701411636744912,1.0,0.029858836325508786,0.0,-0.001411256409736536
127,8.92,-0.007786429365962212,0.46036580204963684,0.15672316998243335,1.0,0.15672316998243335,0.15672316998243335,0.11068658977746966,0.15672316998243335,0.04603658020496369,0.0,0.11068658977746966,0,0,-0.0008618533130615025,4.6036580204963695e-05,0.9692603823169493,1.0,0.03073961768305067,0.0008807813575418821,-0.00426042271238161
128,9.1,0.020179372197309385,-0.3404879868030548,0.12267437130212787,1.0,0.12267437130212787,0.12267437130212787,0.15672316998243335,0.12267437130212787,-0.034048798680305484,0.04603658020496369,0.11068658977746966,0,0,0.0031625751790177086,3.404879868030548e-05,0.9722927389924437,1.0,0.027707261007556272,0.0,0.0005602706252354203
129,8.94,-0.0175824175824176,0.4725183844566345,0.16992620974779132,1.0,0.16992620974779132,0.16992620974779132,0.12267437130212787,0.16992620974779132,0.047251838445663455,0.0,0.12267437130212787,0,0,-0.002156912022894558,4.7251838445663456e-05,0.9701496464745131,1.0,0.029850353525486928,0.002143092517930656,-0.005827794870323264
130,8.77,-0.019015659955257263,-0.6563831567764282,0.1042878940701485,1.0,0.1042878940701485,0.1042878940701485,0.16992620974779132,0.1042878940701485,-0.06563831567764282,0.047251838445663455,0.12267437130212787,0,0,-0.0032312590220497216,6.563831567764282e-05,0.9669511626878542,1.0,0.03304883731214581,0.003198483786658879,-0.004082672094196643
131,8.87,0.011402508551881374,-0.5393435955047607,0.05035353451967243,1.0,0.05035353451967243,0.05035353451967243,0.1042878940701485,0.05035353451967243,-0.053934359550476076,0.0,0.1042878940701485,0,0,0.0011891436039925673,5.393435955047608e-05,0.9680488545866615,1.0,0.031951145413338544,0.0,0.0010199253274356694
132,8.89,0.0022547914317927117,-0.4829644560813904,0.002057088911533389,1.0,0.002057088911533389,0.002057088911533389,0.05035353451967243,0.002057088911533389,-0.04829644560813904,0.0,0.05035353451967243,0,0,0.00011353671819543593,4.829644560813904e-05,0.9681120103578126,1.0,0.03188798964218742,0.0,-0.00012383175518367146
133,8.7,-0.021372328458942776,1.0,0.1020570889115334,1.0,0.1020570889115334,0.1020570889115334,0.002057088911533389,0.1020570889115334,0.1,0.0,0.002057088911533389,0,0,-4.396477988654067e-05,0.0001,0.9679726363253359,1.0,0.03202736367466408,0.00013937403247665792,-0.0007389595210537854
134,8.66,-0.00459770114942519,-0.7388397455215454,0.028173114359378845,1.0,0.028173114359378845,0.028173114359378845,0.1020570889115334,0.1,-0.002057088911533389,0.1,0.002057088911533389,0,0,-0.00046922799499554593,2.0570889115333892e-06,0.9675164452602056,1.0,0.03248355473979436,0.00045619106513028473,-0.00028051343955321287
135,8.67,0.0011547344110854256,-0.40986698865890503,0.0590133011341095,1.0,0.0590133011341095,0.0590133011341095,0.1,0.0590133011341095,-0.04098669886589051,0.0,0.1,0,0,0.00011547344110854257,4.098669886589051e-05,0.9675885124082793,1.0,0.032411487591720745,0.0,2.821829207623453e-05
136,8.62,-0.005767012687427994,1.0,0.1590133011341095,1.0,0.1590133011341095,0.1590133011341095,0.0590133011341095,0.1590133011341095,0.1,0.0,0.0590133011341095,0,0,-0.0003403304563674183,0.0001,0.9671624537170347,1.0,0.03283754628296531,0.0004260586912445685,-0.0005248323770929561
137,8.58,-0.004640371229698278,-0.6829427480697632,0.09071902632713318,1.0,0.09071902632713318,0.09071902632713318,0.1590133011341095,0.1,-0.05901330113410949,0.1,0.05901330113410949,0,0,-0.0007378807477220702,5.9013301134109496e-05,0.9663917277133904,1.0,0.033608272286609564,0.0007707260036442509,-0.0008339472533926179
138,8.38,-0.02331002331002323,-0.8059401512145996,0.019405984878540034,1.0,0.019405984878540034,0.019405984878540034,0.1,0.019405984878540034,-0.08059401512145997,0.0,0.1,0,0,-0.0023310023310023228,8.059401512145997e-05,0.9640611809539125,1.0,0.03593881904608753,0.0023305467594779694,-0.002695198096077453
139,8.4,0.002386634844868684,-0.2678567171096802,0.0,1.0,0.0,0.0,0.019405984878540034,0.0,-0.019405984878540034,0.0,0.019405984878540034,0,0,4.631499971011842e-05,1.9405984878540035e-05,0.9640871228905292,1.0,0.035912877109470775,0.0,-0.0002507149246825818
140,8.32,-0.009523809523809532,0.5618681907653809,0.05618681907653809,1.0,0.05618681907653809,0.05618681907653809,0.0,0.05618681907653809,0.05618681907653809,0.0,0.0,0,0,-0.0,5.618681907653809e-05,0.9640329539017815,1.0,0.03596704609821855,5.416898874777143e-05,-0.00016887615309340824
141,8.72,0.04807692307692312,-0.03799988701939583,0.05238683037459851,1.0,0.05238683037459851,0.05238683037459851,0.05618681907653809,0.05618681907653809,-0.0,0.05618681907653809,0.0,0,0,0.002701289378679718,0.0,0.9666370858808536,1.0,0.03336291411914638,0.0,0.0028133473209690004
142,8.97,0.0286697247706422,0.16764040291309357,0.07295085936784744,1.0,0.07295085936784744,0.07295085936784744,0.05618681907653809,0.07295085936784744,0.016764040291309353,0.0,0.05618681907653809,0,0,0.0016108606386622158,1.6764040291309352e-05,0.9681779987713155,1.0,0.031822001228684504,0.0,0.001058115293546079
143,9.36,0.04347826086956508,-0.44089049100875854,0.028861810266971585,1.0,0.028861810266971585,0.028861810266971585,0.07295085936784744,0.028861810266971585,-0.044089049100875854,0.016764040291309353,0.05618681907653809,0,0,0.0031717764942542264,4.4089049100875856e-05,0.9712061569427463,1.0,0.028793843057253743,0.0,-0.00028444001108327076
144,10.61,0.13354700854700854,0.7231451869010925,0.10117632895708084,1.0,0.10117632895708084,0.10117632895708084,0.028861810266971585,0.028861810266971585,0.0,0.0,0.028861810266971585,1,0,0.0038544084224053934,0.0,0.9749495821339584,1.0,0.025050417866041563,0.0,-0.0037432818190346875
145,10.68,0.006597549481621139,1.0,0.12886181026697158,1.0,0.12886181026697158,0.12886181026697158,0.028861810266971585,0.12886181026697158,0.09999999999999999,0.0,0.028861810266971585,0,0,0.00019041722136550605,9.999999999999999e-05,0.9750377343661465,1.0,0.02496226563385351,0.0,-0.011737545959646075
146,10.37,-0.029026217228464466,1.0,0.22886181026697158,1.0,0.22886181026697158,0.22886181026697158,0.12886181026697158,0.22886181026697158,0.1,0.09999999999999999,0.028861810266971585,0,0,-0.0037403708972622894,0.0001,0.9712932278273542,1.0,0.028706772172645834,0.003744506538792325,-0.01334987814685648
147,10.77,0.03857280617164902,-0.9574642181396484,0.13311538845300674,1.0,0.13311538845300674,0.13311538845300674,0.22886181026697158,0.13311538845300674,-0.09574642181396484,0.1,0.12886181026697158,0,0,0.008827842247520609,9.574642181396483e-05,0.9797746533676026,1.0,0.02022534663239739,0.0,-0.001245383519049543
148,10.74,-0.0027855153203342024,0.5351284742355347,0.18662823587656022,1.0,0.18662823587656022,0.18662823587656022,0.13311538845300674,0.18662823587656022,0.05351284742355347,0.0,0.13311538845300674,0,0,-0.0003707949539080889,5.3512847423553474e-05,0.9793589273386317,1.0,0.020641072661368276,0.0004157260289708864,-0.009847113947324293
149,10.68,-0.005586592178770996,-0.5897597074508667,0.12765226513147354,1.0,0.12765226513147354,0.12765226513147354,0.18662823587656022,0.12765226513147354,-0.058975970745086675,0.05351284742355347,0.13311538845300674,0,0,-0.00104261584288582,5.8975970745086674e-05,0.9782800735616691,1.0,0.021719926438330872,0.001078853776962596,-0.010561717636439063
150,10.5,-0.016853932584269638,-0.39667290449142456,0.08798497468233107,1.0,0.08798497468233107,0.08798497468233107,0.12765226513147354,0.08798497468233107,-0.03966729044914247,0.0,0.12765226513147354,0,0,-0.002151442670755169,3.966729044914247e-05,0.9761365543476405,1.0,0.02386344565235954,0.0021435192140286663,-0.006177425622697889
151,10.91,0.03904761904761906,0.08061975240707397,0.09604694992303847,1.0,0.09604694992303847,0.09604694992303847,0.08798497468233107,0.09604694992303847,0.008061975240707397,0.0,0.08798497468233107,0,0,0.0034356037733100715,8.061975240707397e-06,0.9794823031882904,1.0,0.020517696811709563,0.0,0.0014929336754645672
152,11.98,0.09807516040329975,-0.44602131843566895,0.05144481807947157,1.0,0.05144481807947157,0.05144481807947157,0.09604694992303847,0.05144481807947157,-0.0446021318435669,0.008061975240707397,0.08798497468233107,0,0,0.009419820019949697,4.46021318435669e-05,0.9886651631982247,1.0,0.011334836801775272,0.0,0.0025841819845448736
153,11.92,-0.005008347245409057,0.8049018383026123,0.1319350019097328,1.0,0.1319350019097328,0.1319350019097328,0.05144481807947157,0.1319350019097328,0.08049018383026124,0.0,0.05144481807947157,0,0,-0.0002576535129188915,8.049018383026125e-05,0.9883308523050938,1.0,0.011669147694906234,0.0003343108931309624,-0.010117560315336229
154,11.75,-0.014261744966442946,-0.6138014793395996,0.07055485397577285,1.0,0.07055485397577285,0.07055485397577285,0.1319350019097328,0.08049018383026124,-0.05144481807947157,0.08049018383026124,0.05144481807947157,0,0,-0.0018816233493837724,5.1444818079471574e-05,0.9864203413955809,1.0,0.01357965860441912,0.0019105109095128858,-0.012097367251369874
155,11.91,0.013617021276595757,-0.31943419575691223,0.04854676425457002,1.0,0.04854676425457002,0.04854676425457002,0.08049018383026124,0.04854676425457002,-0.031943419575691225,0.0,0.08049018383026124,0,0,0.0010960365457737711,3.194341957569122e-05,0.9874699845004018,1.0,0.012530015499598202,0.0,-0.008552271481530354
156,11.9,-0.000839630562552459,-0.03882361948490143,0.044664402306079876,1.0,0.044664402306079876,0.044664402306079876,0.04854676425457002,0.044664402306079876,-0.0038823619484901414,0.0,0.04854676425457002,0,0,-4.076134698116623e-05,3.8823619484901415e-06,0.987425900177837,1.0,0.012574099822162954,4.4084322564752476e-05,-0.010757926248706596
157,12.13,0.01932773109243701,0.6065629720687866,0.10532069951295854,1.0,0.10532069951295854,0.10532069951295854,0.044664402306079876,0.10532069951295854,0.060656297206878665,0.0,0.044664402306079876,0,0,0.0008632615571763353,6.0656297206878665e-05,0.9882184133991498,1.0,0.011781586600850158,0.0,-0.007135552748758568
158,12.27,0.011541632316570386,-0.4724389314651489,0.05807680636644365,1.0,0.05807680636644365,0.05807680636644365,0.10532069951295854,0.060656297206878665,-0.044664402306079876,0.060656297206878665,0.044664402306079876,0,0,0.0012155727891025611,4.466440230607988e-05,0.9893755266273857,1.0,0.010624473372614296,0.0,-0.0036415487251580943
159,13.54,0.10350448247758758,-9.563565254211426e-05,0.060646733641624456,1.0,0.060646733641624456,0.060646733641624456,0.060656297206878665,0.060646733641624456,-9.56356525420865e-06,0.0,0.060656297206878665,1,0,0.006278198651404717,9.56356525420865e-09,0.9955870132624332,1.0,0.0044129867375668486,0.0,0.0009182800424712243
160,14.01,0.03471196454948306,-0.7005059719085693,0.0,1.0,0.0,0.0,0.060646733641624456,0.0,-0.060646733641624456,0.0,0.060646733641624456,0,0,0.00210516726821001,6.0646733641624456e-05,0.9976225113549977,1.0,0.0023774886450023125,0.0,-0.011835426621770468
161,12.64,-0.09778729478943607,0.5370676517486572,0.05370676517486572,1.0,0.05370676517486572,0.05370676517486572,0.0,0.05370676517486572,0.05370676517486572,0.0,0.0,0,0,-0.0,5.370676517486573e-05,0.9975689322770471,1.0,0.002431067722952873,5.3579077950560716e-05,-0.01325791347320433
162,13.14,0.03955696202531645,-0.7410381436347961,0.0,1.0,0.0,0.0,0.05370676517486572,0.05370676517486572,-0.0,0.05370676517486572,0.0,0,0,0.0021244764705247512,0.0,0.9996882440013963,1.0,0.00031175599860366887,0.0,-0.003989739167987536
163,13.0,-0.010654490106544944,-1.0,0.0,1.0,0.0,0.0,0.05370676517486572,0.0,-0.05370676517486572,0.0,0.05370676517486572,0,0,-0.0005722181982101394,5.370676517486573e-05,0.9990625141738733,1.0,0.0009374858261267383,0.0006257298275230694,-0.009467247205045737
164,12.14,-0.0661538461538461,0.0968574658036232,0.009685746580362321,1.0,0.009685746580362321,0.009685746580362321,0.0,0.009685746580362321,0.009685746580362321,0.0,0.0,0,0,-0.0,9.685746580362322e-06,0.999052837507543,1.0,0.0009471624924569655,9.676666330227235e-06,-0.006390558111875632
165,11.55,-0.04859967051070839,-0.9240578413009644,0.0,1.0,0.0,0.0,0.009685746580362321,0.009685746580362321,-0.0,0.009685746580362321,0.0,0,0,-0.00047072409245582934,0.0,0.9985825592672919,1.0,0.0014174407327081084,0.00047027824025114295,-0.0004513619806637866
166,11.68,0.011255411255411168,-0.34335362911224365,0.0,1.0,0.0,0.0,0.009685746580362321,0.0,-0.009685746580362321,0.0,0.009685746580362321,0,0,0.0001090170610776703,9.685746580362322e-06,0.9986817497855379,1.0,0.00131825021446208,0.0,-0.00013941167182414133
167,12.01,0.028253424657534252,-0.12260890007019043,0.0,1.0,0.0,0.0,0.0,0.0,0.0,0.0,0.0,0,0,0.0,0.0,0.9986817497855379,1.0,0.00131825021446208,0.0,-0.0002
168,12.08,0.005828476269775211,0.15248596668243408,0.015248596668243408,1.0,0.015248596668243408,0.015248596668243408,0.0,0.015248596668243408,0.015248596668243408,0.0,0.0,0,0,0.0,1.5248596668243409e-05,0.9986665212903355,1.0,0.0013334787096644929,1.5228495202412873e-05,-4.57690419747653e-05
169,11.88,-0.01655629139072842,0.15292198956012726,0.030540795624256135,1.0,0.030540795624256135,0.030540795624256135,0.015248596668243408,0.030540795624256135,0.015292198956012727,0.015248596668243408,0.0,0,0,-0.0002524602097391284,1.5292198956012728e-05,0.9983991259237768,1.0,0.0016008740762232243,0.0002673953665587314,-0.00026793288729041597
170,12.12,0.02020202020202007,-0.8073614835739136,0.0,1.0,0.0,0.0,0.030540795624256135,0.015292198956012727,-0.015248596668243408,0.015292198956012727,0.015248596668243408,0,0,0.0006169857701869885,1.5248596668243409e-05,0.9989998997918538,1.0,0.0010001002081462262,0.0,0.000571303799622906
171,11.91,-0.017326732673267252,0.18679463863372803,0.03397166281938553,1.0,0.03397166281938553,0.03397166281938553,0.015292198956012727,0.03397166281938553,0.018679463863372804,0.0,0.015292198956012727,0,0,-0.0002649638432972491,1.8679463863372804e-05,0.9987165401564237,1.0,0.0012834598435762512,0.00028335963543002496,-0.002769932825868852
172,11.49,-0.035264483627204024,-0.7747029066085815,0.0,1.0,0.0,0.0,0.03397166281938553,0.018679463863372804,-0.015292198956012727,0.018679463863372804,0.015292198956012727,0,0,-0.0011979931472831168,1.5292198956012728e-05,0.9975048120132054,1.0,0.0024951879867946003,0.001211728143218349,-0.0015085905448170593
173,11.06,-0.03742384682332461,-0.33695194125175476,0.0,1.0,0.0,0.0,0.018679463863372804,0.0,-0.018679463863372804,0.0,0.018679463863372804,0,0,-0.0006990573943646911,1.8679463863372804e-05,0.9967888660433637,1.0,0.003211133956636303,0.0007159459698417026,-0.000992454713681555
174,11.07,0.0009041591320072139,0.2892269492149353,0.028922694921493533,1.0,0.028922694921493533,0.028922694921493533,0.0,0.028922694921493533,0.028922694921493533,0.0,0.0,0,0,0.0,2.8922694921493534e-05,0.99676003622309,1.0,0.0032399637769100487,2.882982027374581e-05,-8.685173699263279e-05
175,11.12,0.004516711833784908,0.4218901991844177,0.07111171483993531,1.0,0.07111171483993531,0.07111171483993531,0.028922694921493533,0.07111171483993531,0.042189019918441775,0.028922694921493533,0.0,0,0,0.0001306354784168605,4.218901991844178e-05,0.9968481961182667,1.0,0.003151803881733306,0.0,6.140812090577464e-05
176,11.57,0.04046762589928067,-1.0,0.0,1.0,0.0,0.0,0.07111171483993531,0.042189019918441775,-0.028922694921493533,0.042189019918441775,0.028922694921493533,0,0,0.002877722273198828,2.8922694921493534e-05,0.9996880168389749,1.0,0.0003119831610250978,0.0,0.002817308847088076
177,12.38,0.07000864304235095,0.08219854533672333,0.05040887445211411,1.0,0.05040887445211411,0.05040887445211411,0.042189019918441775,0.05040887445211411,0.008219854533672334,0.0,0.042189019918441775,0,0,0.0029535960357768244,8.219854533672334e-06,1.0026324741124464,1.0026324741124464,0.0,0.0,0.003013060406550338
178,12.83,0.036348949919224494,0.6937783360481262,0.11978670805692673,1.0,0.11978670805692673,0.11978670805692673,0.05040887445211411,0.11978670805692673,0.06937783360481262,0.008219854533672334,0.042189019918441775,0,0,0.0018323096529443707,6.937783360481262e-05,1.0044000468041625,1.0044000468041625,0.0,0.0,-0.0023365860910069475
179,12.9,0.005455962587685135,-0.3918268084526062,0.08060402721166611,1.0,0.08060402721166611,0.08060402721166611,0.11978670805692673,0.08060402721166611,-0.03918268084526062,0.06937783360481262,0.050408874452114116,0,0,0.0006535517976605538,3.918268084526062e-05,1.0050171191738468,1.0050171191738468,0.0,0.0,-0.0073633364336913925
180,12.66,-0.018604651162790715,1.0,0.18060402721166613,1.0,0.18060402721166613,0.18060402721166613,0.08060402721166611,0.18060402721166613,0.10000000000000002,0.0,0.08060402721166611,0,0,-0.0014996098085891384,0.00010000000000000002,1.0034094839322165,1.0050171191738468,0.0015996098085889778,0.0015996098085889778,-0.008543120645624092
181,12.44,-0.017377567140600365,-0.8225521445274353,0.0983488127589226,1.0,0.0983488127589226,0.0983488127589226,0.18060402721166613,0.10000000000000002,-0.08060402721166611,0.10000000000000002,0.08060402721166611,0,0,-0.0031384586087335434,8.060402721166611e-05,1.0001794459539373,1.0050171191738468,0.0048135232003672585,0.0032139133917782805,-0.010386853791575987
182,13.03,0.04742765273311896,-0.7123268842697144,0.028767311573028587,1.0,0.028767311573028587,0.028767311573028587,0.10000000000000002,0.028767311573028587,-0.07123268842697143,0.0,0.10000000000000002,0,0,0.004742765273311897,7.123268842697143e-05,1.0048518168264433,1.0050171191738468,0.0001644771459608688,0.0,-0.0005245498191593677
183,12.72,-0.02379125095932454,0.5015221834182739,0.07891952991485598,1.0,0.07891952991485598,0.07891952991485598,0.028767311573028587,0.07891952991485598,0.0501522183418274,0.0,0.028767311573028587,0,0,-0.0006844103290590043,5.0152218341827396e-05,1.004113690316115,1.0050171191738468,0.0008989188746103291,0.0007344417286494603,-0.005585176217410574
184,12.49,-0.018081761006289342,-0.05241808667778969,0.07367772124707701,1.0,0.07367772124707701,0.07367772124707701,0.07891952991485598,0.07367772124707701,-0.005241808667778972,0.0501522183418274,0.028767311573028587,0,0,-0.0014270040786491282,5.241808667778972e-06,1.002675552612761,1.0050171191738468,0.002329877289066067,0.0014309584144557377,-0.0023602860378786313
185,12.53,0.0032025620496396435,-0.3376086950302124,0.03991685174405577,1.0,0.03991685174405577,0.03991685174405577,0.07367772124707701,0.03991685174405577,-0.03376086950302124,0.0,0.07367772124707701,0,0,0.00023595747396981727,3.376086950302124e-05,1.0028782902048812,1.0050171191738468,0.0021281517778760288,0.0,0.00014682749443750692
186,12.32,-0.016759776536312776,-0.23134702444076538,0.016782149299979232,1.0,0.016782149299979232,0.016782149299979232,0.03991685174405577,0.016782149299979232,-0.02313470244407654,0.0,0.03991685174405577,0,0,-0.0006689975152635016,2.313470244407654e-05,1.002184165829791,1.0050171191738468,0.0028188110331738786,0.0006906592552978499,-0.0011903601892312458
187,13.1,0.06331168831168826,0.25712379813194275,0.04249452911317351,1.0,0.04249452911317351,0.04249452911317351,0.016782149299979232,0.04249452911317351,0.025712379813194276,0.0,0.016782149299979232,0,0,0.0010625062056805025,2.5712379813194276e-05,1.0032232241853052,1.0050171191738468,0.0017849397331821462,0.0,0.001018752786340423
188,14.73,0.12442748091603059,-0.43917781114578247,0.0,1.0,0.0,0.0,0.04249452911317351,0.025712379813194276,-0.016782149299979232,0.025712379813194276,0.016782149299979232,1,0,0.0052874872102651035,1.6782149299979233e-05,1.0085109179102965,1.0085109179102965,0.0,0.0,0.0028151681790369023
189,16.43,0.1154107264086897,1.0,0.12571237981319427,1.0,0.12571237981319427,0.12571237981319427,0.025712379813194276,0.025712379813194276,0.0,0.0,0.025712379813194276,1,0,0.0029674844319368806,0.0,1.0115036583586337,1.0115036583586337,0.0,0.0,-0.009163258396433817
190,14.71,-0.10468654899573944,1.0,0.12571237981319427,1.0,0.12571237981319427,0.12571237981319427,0.025712379813194276,0.12571237981319427,0.1,0.0,0.025712379813194276,0,1,-0.0026917403091110243,0.0001,1.0086798028227806,1.0115036583586337,0.0027917403091110306,0.0027917403091110306,-0.016620703129408786
191,13.9,-0.05506458191706325,0.15999042987823486,0.14171142280101776,1.0,0.14171142280101776,0.14171142280101776,0.12571237981319427,0.14171142280101776,0.01599904298782348,0.1,0.02571237981319427,0,0,-0.006922299636212605,1.5999042987823483e-05,1.0016812810791191,1.0115036583586337,0.009710669060212082,0.006918928751101051,-0.01638347455935261
192,14.0,0.007194244604316521,-0.7456053495407104,0.06715088784694671,1.0,0.06715088784694671,0.06715088784694671,0.14171142280101776,0.06715088784694671,-0.07456053495407104,0.01599904298782348,0.12571237981319427,0,0,0.0010195066388562393,7.456053495407105e-05,1.0026278159030266,1.0115036583586337,0.008774899015204595,0.0,-0.007358538708261193
193,13.75,-0.017857142857142856,-0.49950164556503296,0.017200723290443413,1.0,0.017200723290443413,0.017200723290443413,0.06715088784694671,0.017200723290443413,-0.0499501645565033,0.0,0.06715088784694671,0,0,-0.0011991229972669055,4.99501645565033e-05,1.0013754604068845,1.0115036583586337,0.010013011686170418,0.0012381126709658224,-0.007657607378849654
194,12.99,-0.05527272727272726,-0.4089493751525879,0.0,1.0,0.0,0.0,0.017200723290443413,0.0,-0.017200723290443413,0.0,0.017200723290443413,0,0,-0.0009507308873263266,1.7200723290443412e-05,1.0004061974446607,1.0115036583586337,0.010971251386258695,0.0009582397000882769,-0.0012367345037785438
