date,open,high,low,close,volume,amount
2018-06-08,13.34,16.65,13.34,16.65,16726,33034126.0
2018-06-11,18.63,18.63,18.63,18.63,19323,42143158.0
2018-06-12,20.81,20.81,20.81,20.81,144924,347672464.0
2018-06-13,21.37,23.18,20.38,22.54,6332171,15809621760.0
2018-06-14,21.33,21.68,19.97,20.11,3477821,8310515712.0
2018-06-15,19.42,19.95,18.84,19.4,2138700,4811430400.0
2018-06-19,18.65,18.66,17.14,17.14,2099677,4356754176.0
2018-06-20,16.62,17.08,15.83,16.68,1982719,3891767824.0
2018-06-21,16.42,16.6,14.87,14.99,1978495,3736018336.0
2018-06-22,14.52,16.0,14.35,15.54,1755750,3268487584.0
2018-06-25,15.44,15.58,14.95,15.03,1154430,2124064368.0
2018-06-26,14.56,15.48,14.37,15.35,1137258,2080931360.0
2018-06-27,15.32,15.68,15.0,15.09,970391,1792739744.0
2018-06-28,15.04,15.46,14.58,14.71,863991,1575076752.0
2018-06-29,14.77,15.43,14.42,15.26,1278004,2332307632.0
2018-07-02,15.02,15.17,13.92,14.41,1218066,2178274832.0
2018-07-03,14.36,14.79,13.92,14.72,897425,1580629712.0
2018-07-04,14.52,14.69,13.94,13.99,807241,1406844064.0
2018-07-05,13.82,14.32,13.53,13.78,911993,1556919120.0
2018-07-06,13.73,14.5,13.62,14.05,1056906,1823931936.0
2018-07-09,14.05,14.32,13.91,14.29,800840,1388137552.0
2018-07-10,14.33,14.36,14.02,14.17,656169,1137038432.0
2018-07-11,13.77,13.92,13.36,13.47,792350,1326556528.0
2018-07-12,13.47,15.1,13.47,14.78,1794765,3159557648.0
2018-07-13,14.52,14.61,14.3,14.44,994409,1752297232.0
2018-07-16,14.44,15.01,14.38,14.66,910022,1629162608.0
2018-07-17,14.66,14.67,14.26,14.51,611768,1077433088.0
2018-07-18,14.51,14.58,14.0,14.03,621401,1086314080.0
2018-07-19,14.0,14.2,13.69,13.75,526953,897483168.0
2018-07-20,13.73,14.3,13.55,14.12,712705,1224951712.0
2018-07-23,13.93,14.12,13.86,14.07,483686,830800480.0
2018-07-24,14.05,14.92,14.02,14.88,1250545,2216366256.0
2018-07-25,14.82,14.83,14.41,14.53,859807,1530209680.0
2018-07-26,14.48,14.87,14.45,14.58,665397,1185426896.0
2018-07-27,14.5,14.5,14.1,14.11,545162,950530432.0
2018-07-30,14.02,14.2,13.87,13.96,367711,631237648.0
2018-07-31,14.01,14.09,13.87,13.99,291622,500048032.0
2018-08-01,14.07,14.23,13.78,13.8,452007,776123680.0
2018-08-02,13.72,13.75,12.84,13.06,689106,1133184224.0
2018-08-03,13.09,13.16,12.62,12.63,518180,828764288.0
2018-08-06,12.59,12.67,11.93,11.96,491494,757691968.0
2018-08-07,12.02,12.39,11.86,12.37,452787,696241552.0
2018-08-08,12.23,12.29,11.82,11.83,466053,709284544.0
2018-08-09,11.81,12.4,11.62,12.24,618225,950425488.0
2018-08-10,12.14,12.35,12.13,12.29,361171,557064560.0
2018-08-13,12.01,12.65,11.9,12.54,529925,822665056.0
2018-08-14,12.55,12.58,12.26,12.33,446345,693689984.0
2018-08-15,12.21,12.31,11.86,11.88,408086,620369296.0
2018-08-16,11.67,11.97,11.53,11.71,345948,516841872.0
2018-08-17,11.91,11.96,11.44,11.45,321107,477788528.0
2018-08-20,11.47,11.75,11.35,11.74,355908,524770432.0
2018-08-21,11.72,11.96,11.63,11.84,350600,525981568.0
2018-08-22,11.81,11.81,11.52,11.56,277602,412042704.0
2018-08-23,11.59,12.02,11.59,11.95,483486,726749792.0
2018-08-24,11.86,11.94,11.74,11.81,254493,382018752.0
2018-08-27,11.82,12.24,11.82,12.13,540955,825814176.0
2018-08-28,12.13,12.3,12.04,12.14,315558,483808960.0
2018-08-29,12.17,12.19,11.89,11.93,297976,451580496.0
2018-08-30,11.95,11.98,11.6,11.62,292615,436880576.0
2018-08-31,11.57,11.79,11.49,11.61,203201,301160928.0
2018-09-03,11.53,11.59,11.33,11.52,225558,329832752.0
2018-09-04,11.51,11.81,11.48,11.75,240883,357937504.0
2018-09-05,11.68,11.71,11.43,11.45,236974,349522512.0
2018-09-06,11.43,12.22,11.39,11.85,625924,945223168.0
2018-09-07,11.82,12.01,11.54,11.71,362796,543003696.0
2018-09-10,11.62,11.66,11.45,11.45,226162,332303936.0
2018-09-11,11.45,11.7,11.4,11.51,204420,300589872.0
2018-09-12,11.5,11.7,11.48,11.54,181132,267306826.0
2018-09-13,11.69,11.76,11.36,11.61,265941,391537504.0
2018-09-14,11.61,11.63,11.4,11.42,233028,341644000.0
2018-09-17,11.38,11.38,10.98,10.99,261016,373286512.0
2018-09-18,10.88,11.16,10.87,11.13,247626,352231152.0
2018-09-19,11.06,11.36,11.03,11.24,323145,463842864.0
2018-09-20,11.19,11.24,11.08,11.09,213853,306273792.0
2018-09-21,11.12,11.3,11.04,11.27,333518,479670896.0
2018-09-25,11.17,11.35,11.11,11.25,231669,332988752.0
2018-09-26,11.42,11.61,11.25,11.37,372768,543684912.0
2018-09-27,11.31,11.34,11.01,11.02,341098,488678416.0
2018-09-28,11.03,11.11,11.01,11.06,180090,256481682.0
2018-10-08,10.82,10.82,10.53,10.54,285599,394775392.0
2018-10-09,10.58,10.68,10.48,10.55,172033,236509972.0
2018-10-10,10.61,10.63,10.48,10.53,135234,185669575.0
2018-10-11,9.83,9.99,9.16,9.16,560642,709169248.0
2018-10-12,8.89,8.99,8.27,8.78,455083,537993952.0
2018-10-15,8.82,9.12,8.68,8.71,261871,316494000.0
2018-10-16,8.72,8.84,8.32,8.39,235142,275682960.0
2018-10-17,8.59,8.68,8.34,8.58,234823,275033712.0
2018-10-18,8.45,8.46,8.16,8.2,227586,261844967.0
2018-10-19,7.99,8.44,7.93,8.43,329659,376551392.0
2018-10-22,8.52,9.58,8.44,9.47,712296,875304288.0
2018-10-23,9.37,9.42,8.95,9.01,432081,532761072.0
2018-10-24,9.0,9.18,8.95,9.01,229790,281169328.0
2018-10-25,8.57,8.91,8.43,8.82,254227,300391680.0
2018-10-26,8.92,9.14,8.82,8.91,240787,292714176.0
2018-10-29,8.95,9.17,8.73,8.89,215717,261059505.0
2018-10-30,8.82,9.04,8.57,8.92,248175,298502528.0
2018-10-31,9.07,9.18,8.91,9.07,307840,377349456.0
2018-11-01,9.3,9.47,9.15,9.17,412949,514567136.0
2018-11-02,9.47,9.56,9.19,9.43,496010,622333728.0
2018-11-05,9.44,9.57,9.28,9.42,355468,448469664.0
2018-11-06,9.32,9.67,9.13,9.61,390119,489123648.0
2018-11-07,9.54,9.66,9.28,9.35,313975,397624832.0
2018-11-08,9.49,9.49,9.21,9.21,183836,230244508.0
2018-11-09,9.17,9.3,9.14,9.16,139612,173000900.0
2018-11-12,9.15,9.42,9.13,9.41,221764,277314192.0
2018-11-13,9.19,9.58,9.17,9.49,341034,428804976.0
2018-11-14,9.49,9.6,9.39,9.4,258546,327099072.0
2018-11-15,9.38,9.75,9.37,9.71,424735,544430272.0
2018-11-16,9.73,9.78,9.59,9.68,352265,453220704.0
2018-11-19,9.71,9.88,9.61,9.84,334783,434242432.0
2018-11-20,9.72,9.75,9.41,9.44,305728,390753040.0
2018-11-21,9.3,9.41,9.22,9.34,192554,240783383.0
2018-11-22,9.34,9.39,9.23,9.25,179189,223515011.0
2018-11-23,9.28,9.29,8.6,8.63,334614,402864032.0
2018-11-26,8.63,8.73,8.52,8.55,133735,157630269.0
2018-11-27,8.61,8.68,8.44,8.48,155797,183035036.0
2018-11-28,8.48,8.61,8.38,8.61,158171,185222881.0
2018-11-29,8.68,8.71,8.27,8.28,247715,289036992.0
2018-11-30,8.28,8.4,8.14,8.35,150179,172065790.0
2018-12-03,8.85,8.95,8.74,8.82,461335,555111744.0
2018-12-04,8.86,8.94,8.81,8.92,330165,397926320.0
2018-12-05,8.71,9.19,8.66,9.12,409407,496156176.0
2018-12-06,8.97,8.98,8.76,8.78,269620,324379024.0
2018-12-07,8.81,8.85,8.72,8.74,128421,153494538.0
2018-12-10,8.63,8.83,8.53,8.74,157151,186076246.0
2018-12-11,8.72,8.91,8.69,8.82,163772,196556081.0
2018-12-12,8.88,8.95,8.82,8.91,173472,209706118.0
2018-12-13,8.97,9.13,8.91,9.06,275638,337358816.0
2018-12-14,9.04,9.21,8.84,8.88,418033,510976000.0
2018-12-17,8.82,9.12,8.79,9.1,285168,348196720.0
2018-12-18,9.02,9.11,8.9,9.05,156544,190778232.0
2018-12-19,9.06,9.1,8.72,8.75,177897,214568934.0
2018-12-20,8.74,8.81,8.51,8.6,207428,245078244.0
2018-12-21,8.53,8.62,8.45,8.58,124942,146522793.0
2018-12-24,8.57,8.78,8.55,8.72,128812,152961338.0
2018-12-25,8.55,8.64,8.31,8.6,187905,218768554.0
2018-12-26,8.55,8.66,8.54,8.6,108282,127505889.0
2018-12-27,8.74,8.79,8.38,8.38,153491,180863504.0
2018-12-28,8.42,8.54,8.36,8.41,127883,148621779.0
2019-01-02,8.48,8.52,8.35,8.42,115440,133953196.0
2019-01-03,8.39,8.51,8.34,8.34,106396,123163694.0
2019-01-04,8.18,8.48,8.04,8.47,207383,238358331.0
2019-01-07,8.58,8.58,8.43,8.56,191429,224007892.0
2019-01-08,8.52,8.66,8.48,8.55,144299,169622210.0
2019-01-09,8.6,9.17,8.53,8.94,541447,658337152.0
2019-01-10,8.9,8.96,8.78,8.85,225612,271862288.0
2019-01-11,8.84,9.07,8.84,8.99,229028,278279424.0
2019-01-14,9.03,9.11,8.9,8.92,169249,205647854.0
2019-01-15,8.89,9.16,8.85,9.1,292988,358364640.0
2019-01-16,9.12,9.13,8.9,8.94,207221,252331941.0
2019-01-17,8.97,9.0,8.75,8.77,189559,228227231.0
2019-01-18,8.73,8.91,8.73,8.87,172270,206933275.0
2019-01-21,8.84,8.94,8.82,8.89,155629,187871240.0
2019-01-22,8.89,8.91,8.64,8.7,152097,181827807.0
2019-01-23,8.68,8.76,8.65,8.66,111451,132354185.0
2019-01-24,8.67,8.71,8.52,8.67,132551,156690931.0
2019-01-25,8.69,8.75,8.61,8.62,135038,160127731.0
2019-01-28,8.7,8.74,8.57,8.58,112659,133441187.0
2019-01-29,8.55,8.59,8.27,8.38,160486,186154031.0
2019-01-30,8.39,8.54,8.39,8.4,103074,119995798.0
2019-01-31,8.46,8.54,8.31,8.32,141521,163889905.0
2019-02-01,8.4,8.76,8.37,8.72,187115,219933106.0
2019-02-11,8.69,8.98,8.68,8.97,264658,319129840.0
2019-02-12,9.11,9.45,9.11,9.36,569738,711386912.0
2019-02-13,9.42,10.61,9.29,10.61,826664,1098004928.0
2019-02-14,11.12,11.12,10.52,10.68,1176286,1641975600.0
2019-02-15,10.54,10.59,10.28,10.37,652452,887288640.0
2019-02-18,10.51,10.8,10.35,10.77,848101,1170288432.0
2019-02-19,10.79,11.01,10.53,10.74,738635,1030237472.0
2019-02-20,10.75,10.76,10.47,10.68,420064,580290976.0
2019-02-21,10.64,10.89,10.44,10.5,620570,860178880.0
2019-02-22,10.47,10.92,10.43,10.91,774438,1081643024.0
2019-02-25,11.27,12.17,11.12,11.98,1364392,2013237264.0
2019-02-26,12.0,12.51,11.64,11.92,1189263,1805866320.0
2019-02-27,11.87,12.02,11.45,11.75,651365,974050176.0
2019-02-28,11.67,12.12,11.64,11.91,492581,743079616.0
2019-03-01,12.03,12.18,11.69,11.9,456724,687604112.0
2019-03-04,11.95,12.71,11.95,12.13,938905,1458847456.0
2019-03-05,12.13,12.37,11.97,12.27,561702,861868464.0
2019-03-06,12.37,13.71,12.37,13.54,1459637,2391359872.0
2019-03-07,13.57,14.7,13.32,14.01,1321329,2280033456.0
2019-03-08,13.32,14.17,12.55,12.64,1179874,1940550944.0
2019-03-11,12.65,13.22,12.53,13.14,659644,1060482112.0
2019-03-12,13.32,13.41,12.73,13.0,964186,1558305408.0
2019-03-13,12.82,12.82,12.04,12.14,815282,1268689680.0
2019-03-14,12.12,12.12,11.34,11.55,635032,941853744.0
2019-03-15,11.66,11.92,11.53,11.68,397830,593831872.0
2019-03-18,11.77,12.02,11.65,12.01,415598,624249680.0
2019-03-19,12.06,12.27,12.0,12.08,371865,568183344.0
2019-03-20,12.02,12.04,11.66,11.88,320451,482030000.0
2019-03-21,11.93,12.25,11.83,12.12,466598,711362336.0
2019-03-22,12.11,12.11,11.71,11.91,353943,532798016.0
2019-03-25,11.6,11.76,11.48,11.49,348270,515099440.0
2019-03-26,11.54,11.63,11.02,11.06,390085,564204800.0
2019-03-27,11.17,11.25,10.93,11.07,234665,333945280.0
2019-03-28,11.06,11.45,10.92,11.12,390180,560978176.0
2019-03-29,11.1,11.58,11.02,11.57,427429,621815744.0
2019-04-01,12.02,12.54,11.93,12.38,774359,1191372592.0
2019-04-02,12.48,13.57,12.48,12.83,1051400,1705576432.0
2019-04-03,12.85,13.06,12.57,12.9,515381,825297856.0
2019-04-04,12.92,13.02,12.52,12.66,584962,929784816.0
2019-04-08,12.73,12.9,12.17,12.44,505724,792597840.0
2019-04-09,12.77,13.16,12.71,13.03,805291,1298697280.0
2019-04-10,12.81,12.94,12.51,12.72,437191,694666240.0
2019-04-11,12.7,12.87,12.49,12.49,333554,527666400.0
2019-04-12,12.55,12.67,12.33,12.53,218743,343077200.0
2019-04-15,12.78,12.86,12.32,12.32,350383,554678048.0
2019-04-16,12.3,13.15,12.15,13.1,817888,1309737072.0
2019-04-17,13.43,14.73,13.13,14.73,2177427,3774130912.0
2019-04-18,15.22,16.52,14.72,16.43,3580843,6858181632.0
2019-04-19,15.35,15.48,14.51,14.71,2287108,4151934960.0
2019-04-22,14.54,14.55,13.84,13.9,1134875,1958106496.0
2019-04-23,13.97,14.34,13.26,14.0,1305677,2227477456.0
2019-04-24,13.75,13.92,13.49,13.75,695796,1174254768.0
2019-04-25,13.5,13.74,12.98,12.99,726139,1199981760.0
2019-04-26,12.92,13.25,12.83,12.83,484431,787034752.0
2019-04-29,12.97,13.05,12.29,12.32,528342,832383824.0
2019-04-30,12.28,12.69,12.02,12.24,500720,778371632.0
2019-05-06,12.02,12.02,10.7,10.74,790926,1140330976.0
2019-05-07,10.78,11.15,10.72,11.0,486990,686660576.0
2019-05-08,10.62,11.12,10.46,10.78,390253,546763072.0
2019-05-09,10.59,10.87,10.52,10.65,312524,434588400.0
2019-05-10,10.83,11.11,10.0,11.04,605004,850858224.0
2019-05-13,10.82,10.86,10.59,10.7,339262,471730752.0
2019-05-14,10.43,10.66,10.38,10.43,315861,432205984.0
2019-05-15,10.58,10.79,10.54,10.71,371113,513378864.0
2019-05-16,10.7,10.7,10.54,10.65,271620,374866480.0
2019-05-17,10.67,10.76,9.95,10.02,467044,631300224.0
2019-05-20,9.98,10.12,9.6,10.02,292734,381947504.0
2019-05-21,10.01,10.4,9.95,10.32,324853,436838672.0
2019-05-22,10.37,10.57,10.13,10.19,295475,399741360.0
2019-05-23,10.19,10.19,9.8,9.86,289080,377773696.0
2019-05-24,9.85,9.95,9.72,9.72,193651,251180594.0
2019-05-27,9.78,10.14,9.72,10.08,248708,326904624.0
2019-05-28,10.08,10.22,9.99,10.22,258606,343502560.0
2019-05-29,10.11,10.57,10.07,10.45,395336,536662496.0
2019-05-30,10.31,10.34,10.18,10.29,198247,266191360.0
2019-05-31,10.31,10.57,10.23,10.5,315203,429250208.0
2019-06-03,10.42,10.47,10.02,10.2,276274,371005936.0
2019-06-04,10.19,10.28,9.8,9.9,248295,327188672.0
2019-06-05,10.04,10.11,9.87,9.9,184376,242847860.0
2019-06-06,9.85,9.85,9.57,9.65,229343,294883040.0
2019-06-10,8.37,8.7,8.37,8.5,1805591,2097096624.0
2019-06-11,8.41,9.02,8.32,8.92,1117537,1326413200.0
2019-06-12,8.83,9.01,8.67,8.73,698940,836606560.0
2019-06-13,8.65,8.94,8.44,8.76,607701,720544512.0
2019-06-14,8.7,8.9,8.6,8.63,484074,575578640.0
2019-06-17,8.64,8.72,8.5,8.51,373169,438436928.0
2019-06-18,8.52,8.61,8.42,8.47,321396,375224848.0
2019-06-19,8.82,8.92,8.64,8.66,636918,761023376.0
2019-06-20,8.7,8.93,8.57,8.9,574428,679825072.0
2019-06-21,8.9,9.39,8.89,9.27,752042,920370080.0
2019-06-24,9.25,9.25,9.09,9.19,334182,407711968.0
2019-06-25,9.21,9.21,8.83,8.99,368308,442471472.0
2019-06-26,8.91,9.2,8.88,9.06,345788,419352352.0
2019-06-27,9.11,9.26,9.07,9.1,332839,406513536.0
2019-06-28,9.15,9.19,8.93,9.0,244161,294456640.0
2019-07-01,9.4,10.21,9.31,10.21,1196006,1538674368.0
2019-07-02,10.45,10.64,10.15,10.25,1237681,1666117408.0
2019-07-03,10.24,10.52,10.08,10.36,781534,1044033776.0
2019-07-04,10.32,10.41,10.07,10.21,506955,673746304.0
2019-07-05,10.22,10.24,9.88,10.1,421661,553077152.0
2019-07-08,10.03,10.1,9.43,9.63,601933,765691152.0
2019-07-09,9.56,9.82,9.5,9.66,314607,399945072.0
2019-07-10,9.75,9.82,9.6,9.68,232121,295643760.0
2019-07-11,9.79,9.94,9.66,9.74,316966,406964800.0
2019-07-12,9.69,9.8,9.53,9.72,234469,299167520.0
2019-07-15,9.6,9.85,9.03,9.71,486774,609445344.0
2019-07-16,9.63,9.79,9.52,9.61,289725,366758272.0
2019-07-17,9.63,9.83,9.5,9.76,386943,493100688.0
2019-07-18,9.66,9.66,9.28,9.31,380636,475908272.0
2019-07-19,9.3,9.6,9.28,9.41,224564,281019120.0
2019-07-22,9.47,9.51,9.05,9.2,254801,313152016.0
2019-07-23,9.19,9.43,9.15,9.38,203142,250828950.0
2019-07-24,9.45,10.28,9.44,10.01,759559,983857616.0
2019-07-25,10.01,10.59,9.96,10.36,865720,1156544224.0
2019-07-26,10.32,10.39,10.16,10.2,410975,546374624.0
2019-07-29,10.25,10.59,10.15,10.26,471357,630895184.0
2019-07-30,10.27,10.47,10.25,10.34,315560,422709472.0
2019-07-31,10.25,10.7,10.25,10.62,595442,809026336.0
2019-08-01,10.5,10.57,10.21,10.37,436962,586818752.0
2019-08-02,9.9,10.06,9.62,9.84,600947,775625520.0
2019-08-05,9.7,9.83,9.54,9.57,349319,443681008.0
2019-08-06,9.28,9.37,8.85,9.28,527126,641966624.0
2019-08-07,9.33,9.43,9.14,9.19,243428,300094912.0
2019-08-08,9.25,9.36,9.17,9.3,215742,265785296.0
2019-08-09,9.4,9.52,9.13,9.24,280210,346738304.0
2019-08-12,9.24,9.83,9.17,9.81,424903,533738880.0
2019-08-13,9.62,10.57,9.59,10.44,878375,1169815280.0
2019-08-14,10.77,11.0,10.48,10.64,1135013,1566341328.0
2019-08-15,10.29,11.32,10.27,11.24,992645,1379756512.0
2019-08-16,11.2,11.95,11.15,11.31,1133524,1655650512.0
2019-08-19,11.73,12.29,11.68,12.04,1362051,2046562432.0
2019-08-20,11.95,12.09,11.7,11.72,696171,1036385552.0
2019-08-21,11.73,12.17,11.59,12.1,835790,1252501792.0
2019-08-22,12.08,12.24,11.56,11.77,659191,984257088.0
2019-08-23,11.86,12.1,11.62,11.9,512697,764844528.0
2019-08-26,11.43,11.58,10.72,11.18,878336,1250575264.0
2019-08-27,11.35,11.52,11.18,11.35,582933,839474624.0
2019-08-28,11.35,11.35,10.99,11.03,412014,583096688.0
2019-08-29,11.13,11.49,10.94,11.32,611674,875475216.0
2019-08-30,11.42,11.63,10.98,11.16,539298,777040432.0
2019-09-02,11.07,11.56,11.04,11.47,576532,829257488.0
2019-09-03,11.48,11.99,11.14,11.96,875216,1285408256.0
2019-09-04,11.85,12.21,11.64,12.08,731735,1098477216.0
2019-09-05,12.16,12.71,11.98,12.15,967057,1485586432.0
2019-09-06,12.34,12.61,12.05,12.26,658614,1014090624.0
2019-09-09,12.47,12.54,12.07,12.31,830653,1273423968.0
2019-09-10,12.23,12.39,11.87,12.05,575911,873652416.0
2019-09-11,12.13,12.43,12.01,12.16,600171,917094032.0
2019-09-12,12.22,12.91,11.79,12.26,967279,1479024272.0
2019-09-16,12.01,12.01,11.56,11.83,727499,1079049536.0
2019-09-17,11.36,11.51,11.09,11.12,650959,935751280.0
2019-09-18,11.12,11.55,11.1,11.31,519094,745563232.0
2019-09-19,11.4,11.49,11.23,11.44,319647,460957984.0
2019-09-20,11.42,11.7,11.33,11.44,429256,625183024.0
2019-09-23,11.28,11.33,10.96,11.16,357982,506466528.0
2019-09-24,11.22,12.54,11.22,12.54,1602772,2428371600.0
2019-09-25,12.43,12.55,12.08,12.29,984750,1510407136.0
2019-09-26,12.7,12.81,11.65,11.98,1032266,1581945536.0
2019-09-27,11.95,12.31,11.55,12.02,602216,905581600.0
2019-09-30,11.95,11.95,11.34,11.35,451439,658744384.0
2019-10-08,11.48,11.99,11.48,11.55,466210,687445184.0
2019-10-09,11.28,11.3,10.86,11.18,501056,708393904.0
2019-10-10,11.12,11.7,11.06,11.59,540561,784547104.0
2019-10-11,11.66,11.95,11.59,11.77,487079,722563616.0
2019-10-14,12.1,12.42,12.0,12.15,595940,909692848.0
2019-10-15,12.15,12.24,11.86,11.86,270447,406160848.0
2019-10-16,11.95,12.06,11.69,11.72,242811,362151552.0
2019-10-17,11.73,12.41,11.73,12.16,558127,847737312.0
2019-10-18,12.21,12.39,11.93,12.18,414398,630887808.0
2019-10-21,12.14,12.25,11.82,12.23,283167,427949936.0
2019-10-22,12.28,12.85,12.24,12.76,860667,1353596208.0
2019-10-23,12.6,13.56,12.6,13.06,1087128,1754862704.0
2019-10-24,13.03,13.2,12.83,13.14,499631,802925376.0
2019-10-25,13.05,13.05,12.59,12.83,528430,837312480.0
2019-10-28,13.01,13.38,12.72,12.96,553658,888252832.0
2019-10-29,12.8,13.25,12.65,12.65,457359,731029008.0
2019-10-30,12.46,12.86,12.41,12.72,300805,472968240.0
2019-10-31,12.65,12.94,12.18,12.3,461072,713636032.0
2019-11-01,12.35,12.62,12.29,12.54,284335,441765856.0
2019-11-04,12.41,12.98,12.31,12.73,486160,762943968.0
2019-11-05,12.76,12.93,12.63,12.85,373083,591052512.0
2019-11-06,12.76,13.05,12.47,12.57,349938,551992784.0
2019-11-07,12.58,12.62,11.87,12.27,562581,858959552.0
2019-11-08,12.35,13.04,12.35,12.95,781590,1238204192.0
2019-11-11,12.77,12.93,12.49,12.53,396301,624498880.0
2019-11-12,12.55,12.73,12.06,12.73,370423,571057680.0
2019-11-13,12.62,12.79,12.37,12.61,263330,411085264.0
2019-11-14,12.63,13.15,12.28,12.94,614383,974305728.0
2019-11-15,12.86,13.4,12.76,12.96,534548,864588800.0
2019-11-18,13.04,13.38,12.71,12.89,459374,737456336.0
2019-11-19,12.88,13.08,12.55,13.03,387592,615798576.0
2019-11-20,12.95,13.39,12.81,13.16,619549,1005036832.0
2019-11-21,13.0,14.03,12.9,13.75,922954,1537720048.0
2019-11-22,13.74,13.93,13.51,13.77,686056,1152482896.0
2019-11-25,13.81,13.85,12.85,13.15,672855,1099424048.0
2019-11-26,13.15,13.57,13.1,13.36,474432,777222320.0
2019-11-27,13.25,13.72,13.1,13.49,409297,676562912.0
2019-11-28,13.45,13.59,13.25,13.33,243922,401061072.0
2019-11-29,13.29,13.79,13.29,13.61,502326,836815856.0
2019-12-02,13.6,14.08,13.59,13.97,617898,1049216304.0
2019-12-03,13.88,14.22,13.82,14.04,486298,828257856.0
2019-12-04,13.9,13.9,13.58,13.79,358761,602573408.0
2019-12-05,13.88,14.2,13.67,14.09,505328,862353504.0
2019-12-06,14.02,14.17,13.67,13.75,528429,892950384.0
2019-12-09,13.55,14.89,13.55,14.48,1032385,1803881344.0
2019-12-10,14.48,14.78,14.35,14.7,510574,899786160.0
2019-12-11,14.7,14.99,14.35,14.77,467823,828076832.0
2019-12-12,14.78,14.87,14.49,14.74,439664,779525232.0
2019-12-13,14.89,15.97,14.77,15.87,1186823,2205272832.0
2019-12-16,15.77,16.28,15.6,16.1,655565,1248062608.0
2019-12-17,15.98,16.37,15.76,15.97,756936,1445827936.0
2019-12-18,15.94,16.04,15.66,15.88,471538,890880144.0
2019-12-19,15.8,15.82,14.8,15.1,1060569,1928041328.0
2019-12-20,15.01,15.31,14.73,15.1,487486,883852720.0
2019-12-23,14.95,15.17,14.66,14.82,420799,757533264.0
2019-12-24,14.91,15.03,14.15,14.82,588302,1038861312.0
2019-12-25,14.76,15.17,14.64,15.03,467627,842479536.0
2019-12-26,14.9,15.27,14.81,14.95,344774,622942704.0
2019-12-27,14.99,15.08,14.4,14.46,503285,893256000.0
2019-12-30,14.3,14.76,14.02,14.55,369746,646958128.0
2019-12-31,14.57,15.36,14.55,15.22,674602,1223733360.0
2020-01-02,15.28,15.49,15.06,15.33,582518,1070536096.0
2020-01-03,15.44,15.59,15.0,15.17,465619,849403952.0
2020-01-06,14.96,15.08,14.65,14.85,565047,1012684096.0
2020-01-07,14.87,14.89,14.57,14.81,502766,893421104.0
2020-01-08,14.57,14.67,14.31,14.47,507464,888363232.0
2020-01-09,14.6,15.3,14.6,15.25,789830,1430327328.0
2020-01-10,15.36,15.54,14.9,14.98,379855,688948848.0
2020-01-13,14.97,15.65,14.72,15.56,650310,1193145680.0
2020-01-14,15.6,15.78,15.31,15.34,463560,862049872.0
2020-01-15,15.3,15.73,15.25,15.65,409454,760151120.0
2020-01-16,15.6,15.82,15.34,15.36,404695,751174848.0
2020-01-17,15.36,16.06,15.24,15.94,646399,1214813952.0
2020-01-20,15.83,16.41,15.67,16.29,581996,1116361936.0
2020-01-21,16.15,16.34,15.83,16.04,463624,885043840.0
2020-01-22,15.85,17.95,15.55,17.8,917158,1827720400.0
2020-01-23,17.45,17.73,16.35,16.95,748806,1503553344.0
2020-02-03,14.95,14.95,14.95,14.95,142866,257158800.0
2020-02-04,14.05,15.43,14.05,14.97,946082,1687452208.0
2020-02-05,15.11,16.54,14.87,15.64,843686,1586448400.0
2020-02-06,15.49,16.01,15.41,15.87,532366,999594720.0
2020-02-07,16.85,16.85,15.59,16.25,1032332,1987654480.0
2020-02-10,15.85,15.89,15.15,15.86,867901,1612161776.0
2020-02-11,15.76,16.34,15.71,16.18,730480,1393812096.0
2020-02-12,16.03,16.2,15.77,16.1,549303,1046295632.0
2020-02-13,16.06,16.06,15.33,15.37,847225,1577966592.0
2020-02-14,15.21,15.7,14.91,15.3,791232,1448287984.0
2020-02-17,15.39,16.21,15.17,16.14,828653,1564564224.0
2020-02-18,16.15,16.15,15.55,15.8,858954,1621012736.0
2020-02-19,15.6,15.75,15.41,15.44,671602,1250139120.0
2020-02-20,15.54,15.97,15.18,15.76,995674,1858929168.0
2020-02-21,15.62,16.63,15.57,16.55,1306981,2522345792.0
2020-02-24,16.7,17.55,16.5,17.09,1378464,2760684416.0
2020-02-25,16.6,17.24,15.92,16.91,1167120,2302400784.0
2020-02-26,16.5,16.53,15.47,15.66,1117676,2137561120.0
2020-02-27,15.59,15.98,15.3,15.85,683535,1277517824.0
2020-02-28,15.03,15.39,13.96,14.03,1159058,2035573872.0
2020-03-02,14.25,14.69,13.8,14.39,951533,1649933616.0
2020-03-03,14.78,15.1,14.15,14.39,899689,1594423488.0
2020-03-04,14.18,14.28,13.37,13.71,1135074,1914633664.0
2020-03-05,14.05,14.2,13.76,14.11,875745,1492182208.0
2020-03-06,13.78,14.18,13.65,13.94,667487,1133057312.0
2020-03-09,13.63,13.73,13.11,13.13,711284,1169356592.0
2020-03-10,12.93,13.55,12.74,13.54,711824,1157534576.0
2020-03-11,13.62,14.12,13.47,13.49,682708,1151262384.0
2020-03-12,13.2,13.29,12.78,13.05,679764,1090709840.0
2020-03-13,12.13,12.94,12.0,12.6,850984,1321246992.0
2020-03-16,12.63,12.69,11.12,11.25,1238366,1845807296.0
2020-03-17,11.34,11.54,10.25,10.86,929745,1291392800.0
2020-03-18,11.0,11.22,10.49,10.51,704710,984491840.0
2020-03-19,10.5,10.7,9.95,10.46,882153,1181709840.0
2020-03-20,10.63,10.72,10.24,10.52,646735,874463120.0
2020-03-23,10.05,10.13,9.46,9.47,941434,1205081376.0
2020-03-24,9.7,10.04,9.37,9.97,907527,1162821440.0
2020-03-25,10.35,10.55,10.2,10.5,923074,1241899440.0
2020-03-26,10.36,10.47,10.2,10.24,517426,691446256.0
2020-03-27,10.45,10.5,9.99,10.02,678491,897665600.0
2020-03-30,9.79,9.88,9.38,9.77,625929,794639888.0
2020-03-31,10.24,10.25,9.98,10.16,631417,832023008.0
2020-04-01,10.08,10.68,10.07,10.36,791177,1065901696.0
2020-04-02,10.29,11.02,10.28,10.93,855237,1171735376.0
2020-04-03,10.85,11.23,10.62,10.91,763413,1066775280.0
2020-04-07,11.3,11.35,10.97,11.1,762864,1081042368.0
2020-04-08,11.0,11.22,10.9,11.09,492067,693769984.0
2020-04-09,11.12,11.17,10.88,10.9,421601,591859184.0
2020-04-10,10.89,10.89,10.45,10.57,471113,645617184.0
2020-04-13,10.39,10.39,9.99,10.1,453101,598645504.0
2020-04-14,10.23,10.78,10.18,10.76,595888,807993232.0
2020-04-15,10.76,11.0,10.69,10.82,512412,711242240.0
2020-04-16,10.7,11.06,10.52,11.0,545740,759852480.0
2020-04-17,11.17,11.34,10.92,10.94,721172,1023267952.0
2020-04-20,11.01,11.42,10.86,11.42,728974,1040937008.0
2020-04-21,11.25,11.31,10.9,11.11,547496,774211376.0
2020-04-22,11.01,11.05,10.84,11.01,360323,504479040.0
2020-04-23,11.2,11.21,10.87,10.91,331959,466870784.0
2020-04-24,10.91,11.11,10.83,10.9,355312,497676480.0
2020-04-27,10.95,11.09,10.67,10.9,318311,444348848.0
2020-04-28,10.96,11.33,10.43,11.16,696155,979092432.0
2020-04-29,11.11,11.28,11.06,11.19,326768,464891216.0
2020-04-30,11.26,11.74,11.22,11.64,666470,973308736.0
2020-05-06,11.38,11.77,11.34,11.71,599900,875817504.0
2020-05-07,11.7,11.83,11.27,11.33,523702,761131216.0
2020-05-08,11.43,11.55,11.29,11.39,485977,702469152.0
2020-05-11,11.45,11.64,11.3,11.47,474525,687902768.0
2020-05-12,11.4,11.4,11.04,11.18,388243,551811520.0
2020-05-13,11.05,11.18,10.95,11.13,295336,417694768.0
2020-05-14,11.02,11.08,10.61,10.64,645482,894065328.0
2020-05-15,10.69,10.87,10.53,10.74,367165,505467616.0
2020-05-18,10.58,10.65,10.25,10.44,459788,619925024.0
2020-05-19,10.49,10.74,10.49,10.73,362802,497468896.0
2020-05-20,10.74,10.9,10.56,10.8,335806,464336864.0
2020-05-21,10.83,10.91,10.52,10.55,280034,385497840.0
2020-05-22,10.53,10.69,10.18,10.21,341132,457353104.0
2020-05-25,10.2,10.22,9.96,10.07,268733,352216640.0
2020-05-26,10.13,10.49,10.13,10.45,288665,386219568.0
2020-05-27,10.51,10.54,10.31,10.43,290721,391646992.0
2020-05-28,10.45,10.58,10.15,10.41,222956,299141616.0
2020-05-29,10.35,10.4,10.16,10.36,337257,449526384.0
2020-06-01,10.41,10.88,10.4,10.83,485643,669725472.0
2020-06-02,10.85,11.23,10.8,11.11,557639,788167648.0
2020-06-03,11.22,11.46,10.97,11.17,617705,882340432.0
2020-06-04,11.2,11.33,11.08,11.11,326054,463959376.0
2020-06-05,11.11,11.21,10.83,11.03,313336,440290272.0
2020-06-08,11.2,11.5,11.15,11.21,419716,602422992.0
2020-06-09,11.35,11.6,11.17,11.5,558616,810704768.0
2020-06-10,11.51,11.54,11.15,11.23,400340,573193040.0
2020-06-11,11.2,11.3,10.91,10.97,445750,629868080.0
2020-06-12,10.65,10.87,10.57,10.76,404305,557870384.0
2020-06-15,10.63,10.89,10.61,10.62,311905,430131056.0
2020-06-16,10.69,10.99,10.69,10.98,376143,522587616.0
2020-06-17,10.92,11.31,10.84,11.2,512882,727272768.0
2020-06-18,11.2,11.4,11.06,11.35,501653,719706672.0
2020-06-19,11.38,11.45,11.22,11.3,437882,628318880.0
2020-06-22,11.31,11.57,11.26,11.35,535623,773866656.0
2020-06-23,11.31,11.34,10.98,11.06,490115,693937440.0
2020-06-24,11.1,12.47,11.05,12.47,1852614,2796533040.0
2020-06-29,12.44,12.44,11.95,12.17,1049712,1600030896.0
2020-06-30,12.34,12.4,12.07,12.3,752560,1135545408.0
2020-07-01,12.35,12.6,12.17,12.57,878193,1337872704.0
2020-07-02,12.49,12.83,12.33,12.76,1082959,1668685088.0
2020-07-03,12.8,13.4,12.71,13.06,1297945,2071258848.0
2020-07-06,13.36,13.96,13.35,13.64,1229308,2023770960.0
2020-07-07,13.65,14.02,13.51,13.53,1115810,1848198032.0
2020-07-08,13.45,13.62,13.18,13.55,887583,1443993280.0
2020-07-09,13.53,14.02,13.44,13.87,999154,1657624448.0
2020-07-10,13.83,13.83,13.05,13.18,932744,1517897520.0
2020-07-13,13.11,13.72,13.05,13.65,809180,1320409808.0
2020-07-14,13.68,13.99,13.4,13.74,844748,1400077136.0
2020-07-15,13.98,14.24,13.28,13.35,810081,1343779296.0
2020-07-16,13.28,13.52,11.92,12.02,1044330,1623940880.0
2020-07-17,12.23,12.31,11.69,11.94,679171,1009220944.0
2020-07-20,12.03,12.48,11.89,12.44,517190,777592032.0
2020-07-21,12.55,12.64,12.3,12.58,461383,707697248.0
2020-07-22,12.59,12.71,12.4,12.51,416534,641824144.0
2020-07-23,12.32,12.37,11.76,12.13,582934,869142768.0
2020-07-24,12.07,12.21,11.21,11.31,682951,989868784.0
2020-07-27,11.38,11.45,11.0,11.16,384133,538939296.0
2020-07-28,11.3,11.52,11.23,11.36,312419,444170720.0
2020-07-29,11.37,11.7,11.22,11.66,446594,642568544.0
2020-07-30,11.66,11.71,11.43,11.44,340125,489209472.0
2020-07-31,11.43,11.98,11.42,11.74,540653,787750160.0
2020-08-03,11.83,12.14,11.82,12.04,508011,752974976.0
2020-08-04,12.05,12.12,11.66,11.83,486833,715488208.0
2020-08-05,11.98,11.99,11.68,11.76,380069,556437632.0
2020-08-06,11.8,11.86,11.44,11.65,459173,662821360.0
2020-08-07,11.63,11.63,11.32,11.45,373798,534630272.0
2020-08-10,11.34,11.67,11.26,11.56,339467,487413600.0
2020-08-11,11.55,11.63,11.28,11.31,309164,442390544.0
2020-08-12,11.53,12.42,11.49,12.29,1195040,1766522592.0
2020-08-13,12.42,12.59,12.11,12.32,778329,1182684448.0
2020-08-14,12.16,12.27,11.96,12.18,562583,841484992.0
2020-08-17,12.24,12.47,12.07,12.43,610997,926920048.0
2020-08-18,12.45,12.57,12.22,12.33,463396,704755216.0
2020-08-19,12.33,12.36,11.95,12.0,423855,633388784.0
2020-08-20,11.9,12.2,11.84,11.98,290134,431391632.0
2020-08-21,12.15,12.2,11.8,11.95,337754,501453248.0
2020-08-24,12.01,12.29,11.81,12.14,458121,685283040.0
2020-08-25,12.19,12.5,12.15,12.24,556141,844079584.0
2020-08-26,12.23,12.24,11.62,11.69,473328,697999056.0
2020-08-27,11.75,11.83,11.59,11.8,246415,358741760.0
2020-08-28,11.71,11.94,11.56,11.9,369934,539785968.0
2020-08-31,11.99,12.19,11.8,11.89,426428,634961664.0
2020-09-01,11.82,11.92,11.65,11.88,316923,464127696.0
2020-09-02,11.87,12.12,11.81,11.92,385207,570206080.0
2020-09-03,11.99,11.99,11.6,11.66,357019,520852064.0
2020-09-04,11.44,11.44,11.19,11.32,550674,778605424.0
2020-09-07,11.16,11.32,11.01,11.09,393674,551975808.0
2020-09-08,11.09,11.36,11.09,11.36,301429,424788960.0
2020-09-09,11.21,11.22,11.01,11.06,274125,382888288.0
2020-09-10,11.15,11.19,10.65,10.71,347928,478563488.0
2020-09-11,10.62,10.82,10.5,10.77,270806,365241424.0
2020-09-14,10.77,11.04,10.66,11.0,256287,351794592.0
2020-09-15,10.98,10.98,10.78,10.88,212305,290727760.0
2020-09-16,10.84,10.84,10.67,10.75,219341,298064672.0
2020-09-17,10.71,10.83,10.58,10.71,220633,298437568.0
2020-09-18,10.72,10.99,10.67,10.97,318283,435819472.0
2020-09-21,10.96,11.09,10.88,10.89,242492,335581216.0
2020-09-22,10.8,10.89,10.67,10.71,225367,306786192.0
2020-09-23,10.78,10.84,10.6,10.72,234368,317674704.0
2020-09-24,10.6,10.66,10.36,10.38,287767,383429712.0
2020-09-25,10.46,10.47,10.23,10.32,192394,253702763.0
2020-09-28,10.35,10.51,10.3,10.43,226597,300545216.0
2020-09-29,10.47,10.84,10.45,10.71,341770,464058560.0
2020-09-30,10.75,10.86,10.63,10.74,285198,388006864.0
2020-10-09,10.96,11.05,10.88,11.0,310853,430030912.0
2020-10-12,11.05,11.19,11.01,11.17,347080,484181616.0
2020-10-13,11.15,11.15,10.93,11.08,215667,299525728.0
2020-10-14,10.95,10.97,10.75,10.88,311778,427321152.0
2020-10-15,10.9,10.97,10.81,10.9,178509,245621211.0
2020-10-16,11.03,11.03,10.86,10.93,156557,215663036.0
2020-10-19,11.05,11.2,11.0,11.01,234420,326995648.0
2020-10-20,10.97,11.0,10.79,11.0,173062,237631498.0
2020-10-21,10.97,10.97,10.76,10.79,164944,225386929.0
2020-10-22,10.73,10.85,10.64,10.81,155929,212210818.0
2020-10-23,10.82,10.98,10.74,10.74,124885,171135118.0
2020-10-26,10.72,10.92,10.62,10.83,126162,172001952.0
2020-10-27,10.74,11.09,10.7,11.02,207767,287021776.0
2020-10-28,11.08,11.18,10.92,11.09,305486,424912272.0
2020-10-29,10.91,11.21,10.81,11.11,289193,400681584.0
2020-10-30,11.05,11.2,10.72,10.8,273953,378373632.0
2020-11-02,10.55,10.65,10.16,10.31,492014,648172560.0
2020-11-03,10.33,10.58,10.31,10.53,277306,369151856.0
2020-11-04,10.55,10.81,10.47,10.62,225946,304776672.0
2020-11-05,10.83,11.02,10.7,10.96,293975,404099968.0
2020-11-06,11.0,11.24,10.92,11.15,416531,581940384.0
2020-11-09,11.42,11.75,11.32,11.55,625775,901108416.0
2020-11-10,11.5,12.59,11.36,12.21,1197655,1784335248.0
2020-11-11,12.09,12.11,11.54,11.69,712691,1039448480.0
2020-11-12,11.66,11.74,11.45,11.63,337648,487886784.0
2020-11-13,11.46,11.55,11.23,11.5,306748,437005776.0
2020-11-16,11.6,11.63,11.36,11.43,241556,345094672.0
2020-11-17,11.41,11.42,11.11,11.29,319859,450227808.0
2020-11-18,11.29,11.62,11.29,11.55,277119,396483072.0
2020-11-19,11.44,11.66,11.37,11.49,192072,276114960.0
2020-11-20,11.5,11.57,11.27,11.4,206591,294038016.0
2020-11-23,11.41,11.44,11.25,11.32,320790,454599584.0
2020-11-24,11.3,11.5,11.28,11.32,272421,387862144.0
2020-11-25,11.35,11.45,11.2,11.24,250509,354656112.0
2020-11-26,11.21,11.28,11.13,11.15,166365,233664556.0
2020-11-27,11.11,11.11,10.75,10.98,322185,442496448.0
2020-11-30,10.92,11.22,10.9,10.96,281718,392622800.0
2020-12-01,10.91,11.26,10.91,11.23,256344,357930688.0
2020-12-02,11.25,11.27,11.07,11.2,187114,262345968.0
2020-12-03,11.15,11.16,10.95,11.02,250909,348416720.0
2020-12-04,10.95,11.1,10.95,10.99,176750,245069570.0
2020-12-07,10.97,11.03,10.79,10.86,226348,311049776.0
2020-12-08,11.0,11.34,10.9,11.29,412673,580007872.0
2020-12-09,11.32,11.41,10.95,10.97,276367,388601472.0
2020-12-10,10.91,10.92,10.55,10.58,400626,542256496.0
2020-12-11,10.53,10.67,10.45,10.62,243916,327120368.0
2020-12-14,10.67,10.7,10.45,10.69,190763,256212041.0
2020-12-15,10.51,10.8,10.49,10.71,175057,236053918.0
2020-12-16,10.71,10.97,10.67,10.68,190962,261107599.0
2020-12-17,10.68,10.77,10.51,10.73,166844,225252130.0
2020-12-18,10.78,10.9,10.72,10.8,134098,182896813.0
2020-12-21,10.75,10.9,10.66,10.8,164306,223964913.0
2020-12-22,10.73,10.77,10.39,10.42,264235,354408720.0
2020-12-23,10.46,10.78,10.39,10.73,256267,344568624.0
2020-12-24,10.78,10.81,10.47,10.53,153371,206001450.0
2020-12-25,10.5,10.57,10.41,10.55,130503,174384323.0
2020-12-28,10.57,10.61,10.36,10.42,189971,252636691.0
2020-12-29,10.47,10.75,10.39,10.66,258063,348441088.0
2020-12-30,10.64,10.82,10.56,10.82,240461,326295728.0
2020-12-31,10.82,10.98,10.73,10.84,244500,335039504.0
2021-01-04,10.85,11.15,10.67,10.95,407225,559562016.0
2021-01-05,10.95,11.1,10.75,11.1,391093,537512096.0
2021-01-06,11.11,11.21,10.97,11.02,394796,549516912.0
2021-01-07,10.94,11.07,10.62,10.88,359547,492614624.0
2021-01-08,11.01,11.74,10.91,11.39,691276,986306528.0
2021-01-11,11.25,11.75,11.2,11.51,615538,886733520.0
2021-01-12,11.45,11.74,11.26,11.72,616275,884498848.0
2021-01-13,11.63,12.48,11.58,12.33,1147997,1716564464.0
2021-01-14,12.3,13.75,12.17,12.82,2127219,3396621472.0
2021-01-15,12.72,13.11,12.19,12.4,1107619,1719919056.0
2021-01-18,12.41,13.1,12.15,13.03,919827,1433424384.0
2021-01-19,13.01,13.01,12.2,12.25,771931,1187756288.0
2021-01-20,12.5,12.63,12.19,12.29,489211,742855888.0
2021-01-21,12.3,12.6,12.23,12.34,586762,894030016.0
2021-01-22,12.24,12.25,11.59,11.9,745961,1093175472.0
2021-01-25,11.84,12.36,11.65,12.35,630126,938892288.0
2021-01-26,12.17,12.24,11.87,11.97,394090,584769520.0
2021-01-27,12.1,12.33,11.9,12.01,361201,538605008.0
2021-01-28,11.76,11.8,11.28,11.36,472844,677107024.0
2021-01-29,11.55,11.71,11.17,11.44,434927,621419424.0
2021-02-01,11.2,11.32,10.88,11.05,402254,559356096.0
2021-02-02,11.08,11.12,10.72,10.85,436591,598210976.0
2021-02-03,10.82,10.83,10.41,10.42,444370,596861024.0
2021-02-04,10.35,10.68,10.31,10.67,425908,569147856.0
2021-02-05,10.66,10.67,10.33,10.36,292353,389817328.0
2021-02-08,10.3,10.59,10.27,10.4,218040,289419808.0
2021-02-09,10.45,10.8,10.4,10.77,271805,366517888.0
2021-02-10,10.66,11.3,10.63,11.19,438021,608783936.0
2021-02-18,11.27,11.56,10.97,11.11,344619,483219584.0
2021-02-19,11.04,11.38,10.95,11.34,291242,409448112.0
2021-02-22,11.4,11.44,11.1,11.12,397945,562017952.0
2021-02-23,11.0,11.15,10.89,10.94,289019,400219264.0
2021-02-24,10.96,11.21,10.81,11.2,322328,446991728.0
2021-02-25,11.2,11.38,11.0,11.07,326396,457370832.0
2021-02-26,10.92,11.18,10.83,10.96,259277,358991568.0
2021-03-01,10.99,11.12,10.97,11.0,252891,350864368.0
2021-03-02,11.05,11.07,10.69,10.73,293803,401655296.0
2021-03-03,10.71,11.1,10.7,11.05,275976,380448880.0
2021-03-04,10.95,10.99,10.76,10.78,249977,342151328.0
2021-03-05,10.65,10.96,10.65,10.9,256166,351077424.0
2021-03-08,10.91,11.17,10.84,10.85,334978,464054304.0
2021-03-09,10.83,11.28,10.7,11.05,475488,660624848.0
2021-03-10,11.13,11.18,10.74,10.88,303711,417769744.0
2021-03-11,10.87,10.88,10.71,10.82,272610,372325520.0
2021-03-12,10.84,10.85,10.6,10.68,249253,336978528.0
2021-03-15,10.63,10.66,10.4,10.47,243288,324313152.0
2021-03-16,10.49,10.63,10.44,10.62,171158,229300963.0
2021-03-17,10.6,10.74,10.5,10.7,156068,210970364.0
2021-03-18,10.72,10.79,10.59,10.67,134814,182076044.0
2021-03-19,10.67,10.8,10.6,10.65,186762,252936993.0
2021-03-22,10.63,10.74,10.56,10.7,182191,246355468.0
2021-03-23,10.71,10.86,10.69,10.8,185239,252219694.0
2021-03-24,10.81,11.07,10.78,11.01,292658,403850528.0
2021-03-25,11.05,11.19,10.95,10.97,249166,346699792.0
2021-03-26,10.95,11.25,10.95,11.19,386476,541105408.0
2021-03-29,11.22,11.25,10.78,10.8,369348,508376704.0
2021-03-30,10.89,11.59,10.86,11.51,684351,974497456.0
2021-03-31,11.45,11.7,11.39,11.52,367730,529911040.0
2021-04-01,11.56,11.66,11.44,11.57,241874,348498720.0
2021-04-02,11.52,11.56,11.24,11.3,267556,379476720.0
2021-04-06,11.48,11.5,11.21,11.31,173981,246403433.0
2021-04-07,11.34,11.57,11.25,11.53,291925,418052768.0
2021-04-08,11.49,11.57,11.3,11.51,200049,286258752.0
2021-04-09,11.44,11.45,11.1,11.21,223281,314316400.0
2021-04-12,11.2,11.33,11.11,11.21,180281,253994956.0
2021-04-13,11.21,11.8,11.17,11.64,393217,567975856.0
2021-04-14,11.74,11.81,11.55,11.65,252842,366703968.0
2021-04-15,11.69,11.69,11.41,11.53,172867,247934976.0
2021-04-16,11.44,11.64,11.31,11.55,208070,298206176.0
2021-04-19,11.5,11.89,11.46,11.86,390462,571262480.0
2021-04-20,11.8,11.83,11.46,11.53,300876,435341984.0
2021-04-21,11.48,11.6,11.4,11.57,159325,228807129.0
2021-04-22,11.58,11.63,11.26,11.33,238612,339874400.0
2021-04-23,11.3,11.41,11.21,11.33,164408,232648379.0
2021-04-26,11.36,11.72,11.27,11.5,383134,551009488.0
2021-04-27,11.49,11.59,11.38,11.57,193354,277322000.0
2021-04-28,11.58,11.78,11.5,11.7,287483,418105504.0
2021-04-29,11.8,11.96,11.59,11.85,393413,576630480.0
2021-04-30,11.8,11.87,10.73,10.91,667605,938402544.0
2021-05-06,10.76,10.88,10.56,10.82,350189,474411024.0
2021-05-07,10.82,10.82,10.58,10.6,217293,293740992.0
2021-05-10,10.65,10.76,10.51,10.67,215004,289705296.0
2021-05-11,10.6,10.7,10.51,10.64,144727,194792084.0
2021-05-12,10.57,10.68,10.51,10.67,198864,267809373.0
2021-05-13,10.59,10.72,10.46,10.53,187081,250740040.0
2021-05-14,10.55,10.69,10.52,10.63,204643,275652736.0
2021-05-17,10.61,10.68,10.4,10.45,367178,491935216.0
2021-05-18,10.46,10.56,10.25,10.5,215847,286088512.0
2021-05-19,10.45,10.45,10.34,10.36,154198,203870799.0
2021-05-20,10.35,10.42,10.28,10.37,168642,222503997.0
2021-05-21,10.36,10.42,10.25,10.26,218146,286658080.0
2021-05-24,10.26,10.27,9.55,9.7,575302,731885920.0
2021-05-25,9.71,9.82,9.51,9.79,424427,533564256.0
2021-05-26,9.71,9.85,9.63,9.71,306886,387040400.0
2021-05-27,9.68,9.87,9.62,9.77,344810,433751584.0
2021-05-28,9.71,9.74,9.44,9.5,461910,573385648.0
2021-05-31,9.53,9.57,9.43,9.57,264537,326846624.0
2021-06-01,9.57,9.6,9.47,9.58,230874,286058064.0
2021-06-02,9.57,9.57,9.36,9.37,348942,428250976.0
2021-06-03,9.37,9.49,9.31,9.41,216256,265199683.0
2021-06-04,9.36,9.49,9.31,9.37,249623,305141008.0
2021-06-07,9.38,9.69,9.38,9.64,498237,621052992.0
2021-06-08,9.71,9.81,9.57,9.66,376592,472218512.0
2021-06-09,9.62,9.77,9.57,9.69,256916,321637696.0
2021-06-10,9.66,9.75,9.58,9.71,294002,368286464.0
2021-06-11,9.71,9.78,9.6,9.65,388348,486887088.0
2021-06-15,9.65,9.97,9.62,9.7,301182,379710224.0
2021-06-16,9.65,9.7,9.38,9.47,245555,304306480.0
2021-06-17,9.46,9.63,9.42,9.6,212100,262522450.0
2021-06-18,9.63,9.8,9.49,9.64,269439,336681296.0
2021-06-21,9.55,9.63,9.47,9.53,235674,291736336.0
2021-06-22,9.52,9.62,9.38,9.46,256428,315931360.0
2021-06-23,9.47,9.8,9.43,9.71,365594,456582816.0
2021-06-24,9.76,9.84,9.67,9.82,286086,361324880.0
2021-06-25,9.84,9.96,9.68,9.76,275213,348129456.0
2021-06-28,9.81,9.86,9.65,9.73,177967,223675817.0
2021-06-29,9.73,9.77,9.55,9.56,198827,247636192.0
2021-06-30,9.6,9.64,9.49,9.56,141730,175642044.0
2021-07-01,9.57,9.61,9.45,9.45,182792,225600272.0
2021-07-02,9.44,9.45,9.08,9.12,450074,543119424.0
2021-07-05,9.1,9.37,9.1,9.34,228427,276003632.0
2021-07-06,9.34,9.39,9.24,9.38,143516,174741834.0
2021-07-07,9.34,9.37,9.26,9.3,153392,186277322.0
2021-07-08,9.31,9.42,9.16,9.18,227343,275245232.0
2021-07-09,9.17,9.25,9.06,9.1,233860,279900832.0
2021-07-12,9.15,9.23,9.09,9.15,304607,365782464.0
2021-07-13,9.17,9.27,9.12,9.19,245986,296168240.0
2021-07-14,9.16,9.18,8.76,8.79,505788,593750704.0
2021-07-15,8.81,8.92,8.56,8.9,328225,381233680.0
2021-07-16,8.87,8.92,8.62,8.64,322412,373468544.0
2021-07-19,8.65,8.74,8.45,8.71,261186,299094560.0
2021-07-20,8.66,8.9,8.63,8.87,213922,249745274.0
2021-07-21,8.85,8.98,8.82,8.92,203511,239412418.0
2021-07-22,8.91,9.02,8.85,8.86,211133,248831878.0
2021-07-23,8.85,9.0,8.71,8.91,205690,240795407.0
2021-07-26,8.94,8.98,8.62,8.77,232813,270680000.0
2021-07-27,8.83,8.97,8.64,8.68,307503,351271360.0
2021-07-28,8.68,8.8,8.35,8.4,461600,513175440.0
2021-07-29,8.45,8.57,8.31,8.39,338185,372450496.0
2021-07-30,8.36,8.73,8.12,8.62,394288,436842624.0
2021-08-02,8.62,9.34,8.58,9.21,587577,685076320.0
2021-08-03,9.25,9.32,9.13,9.23,351749,415832320.0
2021-08-04,9.19,9.36,9.13,9.31,319025,378643024.0
2021-08-05,9.38,9.58,9.19,9.25,367738,440480064.0
2021-08-06,9.23,9.32,9.06,9.23,261338,307203280.0
2021-08-09,9.2,9.54,9.13,9.43,294120,353081760.0
2021-08-10,9.45,9.56,9.27,9.54,281057,338260592.0
2021-08-11,9.64,9.7,9.16,9.18,564993,675888816.0
2021-08-12,9.16,9.3,9.08,9.15,271618,319543856.0
2021-08-13,9.14,9.36,9.03,9.24,265006,312476784.0
2021-08-16,9.27,9.7,9.27,9.67,637088,777486672.0
2021-08-17,9.67,9.76,9.4,9.42,446173,542165808.0
2021-08-18,9.41,9.72,9.34,9.65,446542,541987648.0
2021-08-19,9.6,9.6,9.23,9.25,414328,494530560.0
2021-08-20,9.28,9.34,9.16,9.28,266249,315612416.0
2021-08-23,9.36,9.51,9.25,9.44,281216,338051584.0
2021-08-24,9.55,9.6,9.38,9.45,235765,284375840.0
2021-08-25,9.43,9.48,9.26,9.38,233010,278294960.0
2021-08-26,9.36,9.39,9.09,9.09,335728,395618608.0
2021-08-27,9.09,9.25,9.0,9.11,236831,277214672.0
2021-08-30,9.15,9.16,8.82,8.91,231048,266911436.0
2021-08-31,8.93,9.01,8.73,8.88,216804,248221023.0
2021-09-01,8.88,9.15,8.86,9.11,313008,364630608.0
2021-09-02,9.11,9.28,9.08,9.15,233528,274918464.0
2021-09-03,9.2,9.55,9.12,9.4,418148,500151120.0
2021-09-06,9.41,9.55,9.33,9.45,291197,350968160.0
2021-09-07,9.45,9.6,9.36,9.57,375919,455433216.0
2021-09-08,9.57,9.74,9.53,9.59,332574,406461968.0
2021-09-09,9.64,9.65,9.46,9.58,257747,313418112.0
2021-09-10,9.57,9.7,9.53,9.6,302035,368597504.0
2021-09-13,9.62,9.68,9.52,9.57,250214,305191712.0
2021-09-14,9.52,9.63,9.29,9.34,268677,323943552.0
2021-09-15,9.33,9.39,9.13,9.2,216926,256940371.0
2021-09-16,9.2,9.4,9.1,9.15,253172,299201472.0
2021-09-17,9.15,9.22,9.0,9.15,165450,193225110.0
2021-09-22,9.08,9.13,9.02,9.09,120041,140235717.0
2021-09-23,9.39,9.66,9.38,9.48,376664,455117120.0
2021-09-24,9.4,9.48,9.21,9.26,266175,317496704.0
2021-09-27,9.3,9.39,9.17,9.27,235313,279374896.0
2021-09-28,9.21,9.28,9.15,9.2,134462,158845736.0
2021-09-29,9.2,9.39,8.99,9.24,327722,387259472.0
2021-09-30,9.24,9.29,8.98,9.02,272821,318487600.0
2021-10-08,9.14,9.58,9.12,9.52,505415,608750336.0
2021-10-11,9.52,9.65,9.48,9.53,291677,355464496.0
2021-10-12,9.57,9.57,9.21,9.28,266263,318572784.0
2021-10-13,9.28,9.31,9.16,9.29,151025,178589769.0
2021-10-14,9.27,9.33,9.18,9.26,115265,136501244.0
2021-10-15,9.26,9.3,9.11,9.13,195552,229918639.0
2021-10-18,9.22,9.22,8.95,8.98,233361,271029008.0
2021-10-19,9.02,9.07,8.89,9.04,202139,233942149.0
2021-10-20,9.05,9.13,8.96,8.99,151976,176700063.0
2021-10-21,9.0,9.02,8.81,8.89,233548,268555088.0
2021-10-22,8.89,8.96,8.82,8.94,157055,180300752.0
2021-10-25,8.88,8.88,8.72,8.78,203844,232006639.0
2021-10-26,8.82,8.91,8.77,8.83,121526,139047045.0
2021-10-27,8.86,8.87,8.47,8.68,227900,255542257.0
2021-10-28,8.53,8.7,8.53,8.56,121055,135561909.0
2021-10-29,8.61,8.75,8.57,8.75,156724,177015050.0
2021-11-01,8.7,8.93,8.69,8.84,223714,255820455.0
2021-11-02,8.9,9.03,8.65,8.83,270803,310346480.0
2021-11-03,8.78,9.05,8.78,8.87,237781,274048976.0
2021-11-04,8.92,9.03,8.86,9.02,233190,269879328.0
2021-11-05,9.0,9.22,8.94,9.09,353903,415154160.0
2021-11-08,9.08,9.13,8.97,9.05,161631,188033961.0
2021-11-09,9.05,9.09,8.86,8.99,220713,255228442.0
2021-11-10,9.02,9.05,8.78,8.94,182316,209772475.0
2021-11-11,8.92,9.18,8.86,9.13,243890,285177568.0
2021-11-12,9.14,9.18,9.05,9.12,164379,192412797.0
2021-11-15,9.12,9.3,9.1,9.27,359708,425564016.0
2021-11-16,9.27,9.34,9.2,9.21,272265,322965648.0
2021-11-17,9.19,9.24,9.12,9.14,192803,226664245.0
2021-11-18,9.14,9.18,8.99,9.02,208810,243106614.0
2021-11-19,9.0,9.36,8.96,9.31,341482,403926272.0
2021-11-22,9.32,9.36,9.22,9.26,245670,291577264.0
2021-11-23,9.26,9.33,9.11,9.13,310200,365625776.0
2021-11-24,9.14,9.18,9.05,9.11,251367,294145744.0
2021-11-25,9.14,9.17,9.01,9.03,211257,246342061.0
2021-11-26,9.03,9.04,8.55,8.57,603300,680884464.0
2021-11-29,8.49,8.56,8.36,8.38,487182,537007600.0
2021-11-30,8.41,8.58,8.41,8.57,312276,346614272.0
2021-12-01,8.58,8.7,8.51,8.66,230021,258278456.0
2021-12-02,8.61,8.73,8.55,8.6,210069,236242028.0
2021-12-03,8.59,8.68,8.49,8.65,240525,269013536.0
2021-12-06,8.62,8.82,8.54,8.68,280149,317031360.0
2021-12-07,8.72,8.78,8.65,8.75,227450,257396462.0
2021-12-08,8.77,8.99,8.71,8.96,335995,385382752.0
2021-12-09,8.9,9.22,8.88,9.17,542275,634310080.0
2021-12-10,9.15,9.42,9.1,9.29,649354,773341216.0
2021-12-13,9.28,9.45,9.18,9.38,474339,567539264.0
2021-12-14,9.36,9.48,9.31,9.37,329285,394733584.0
2021-12-15,9.33,9.4,9.26,9.27,253539,301992688.0
2021-12-16,9.32,9.52,9.29,9.45,358174,430896992.0
2021-12-17,9.44,9.63,9.4,9.54,408846,495398016.0
2021-12-20,9.54,9.64,9.42,9.5,360101,437217504.0
2021-12-21,9.5,9.75,9.31,9.55,512460,619774304.0
2021-12-22,9.4,9.42,9.21,9.31,428478,509842448.0
2021-12-23,9.28,9.43,9.25,9.43,251592,300899712.0
2021-12-24,9.4,9.45,9.25,9.38,192562,230186353.0
2021-12-27,9.38,9.52,9.36,9.48,176157,212122319.0
2021-12-28,9.48,9.5,9.36,9.45,217437,261533405.0
2021-12-29,9.4,9.45,9.24,9.3,215762,256546827.0
2021-12-30,9.31,9.38,9.26,9.3,185851,221330426.0
2021-12-31,9.32,9.35,9.18,9.32,227340,269934960.0
2022-01-04,9.33,9.5,9.25,9.44,316243,379197120.0
2022-01-05,9.43,9.59,9.41,9.51,376451,456452656.0
2022-01-06,9.53,9.57,9.24,9.29,401404,478477296.0
2022-01-07,9.32,9.35,9.21,9.23,268177,318756016.0
2022-01-10,9.21,9.45,9.14,9.36,354144,422401872.0
2022-01-11,9.33,9.39,9.22,9.25,271747,322789264.0
2022-01-12,9.25,9.28,9.2,9.22,201399,238297820.0
2022-01-13,9.26,9.29,8.87,8.95,595980,692635760.0
2022-01-14,8.87,8.88,8.69,8.74,478418,543378768.0
2022-01-17,8.74,8.89,8.74,8.82,219638,250973863.0
2022-01-18,8.85,9.35,8.81,9.12,648506,762721600.0
2022-01-19,9.12,9.19,9.0,9.04,233462,272351424.0
2022-01-20,9.09,9.27,9.02,9.17,336912,395932096.0
2022-01-21,9.11,9.16,8.96,9.01,230886,268483712.0
2022-01-24,8.95,9.04,8.83,8.89,397879,457758624.0
2022-01-25,8.96,8.96,8.68,8.71,317808,362379072.0
2022-01-26,8.71,8.78,8.56,8.65,251672,283709776.0
2022-01-27,8.65,8.67,8.46,8.53,254999,283594400.0
2022-01-28,8.54,8.61,8.46,8.51,336859,374669472.0
2022-02-07,8.6,8.64,8.48,8.56,231212,258045987.0
2022-02-08,8.55,8.7,8.54,8.69,262680,295168528.0
2022-02-09,8.71,8.83,8.69,8.75,271068,307794192.0
2022-02-10,8.77,8.83,8.71,8.81,201914,229741769.0
2022-02-11,8.81,8.82,8.66,8.73,183048,207763704.0
2022-02-14,8.67,8.7,8.58,8.66,174635,195957196.0
2022-02-15,8.63,8.71,8.58,8.64,172067,193476550.0
2022-02-16,8.7,8.76,8.64,8.67,158727,179184399.0
2022-02-17,8.65,8.69,8.61,8.65,136560,153486748.0
2022-02-18,8.64,8.69,8.58,8.69,140079,157313709.0
2022-02-21,8.67,8.81,8.63,8.8,243068,275814256.0
2022-02-22,8.74,8.74,8.59,8.67,211502,237674230.0
2022-02-23,8.67,8.75,8.65,8.74,278503,315118704.0
2022-02-24,8.71,8.73,8.48,8.6,369870,413623776.0
2022-02-25,8.6,8.68,8.55,8.6,303983,341201600.0
2022-02-28,8.58,8.6,8.4,8.57,257873,286450160.0
2022-03-01,8.56,8.61,8.5,8.57,151403,168799489.0
2022-03-02,8.55,8.63,8.48,8.61,163681,182669536.0
2022-03-03,8.63,8.68,8.55,8.6,185538,207679152.0
2022-03-04,8.53,8.57,8.47,8.54,262598,291625488.0
2022-03-07,8.48,8.49,8.17,8.22,495347,536874992.0
2022-03-08,8.17,8.24,7.97,8.0,396973,424312128.0
2022-03-09,8.03,8.08,7.4,7.8,430882,447065776.0
2022-03-10,7.95,7.96,7.75,7.75,225140,234813996.0
2022-03-11,7.63,7.73,7.4,7.68,365520,370637056.0
2022-03-14,7.55,7.73,7.51,7.58,171066,175546316.0
2022-03-15,7.59,7.64,7.13,7.15,430086,430241984.0
2022-03-16,7.25,7.32,6.82,7.29,422427,410175120.0
2022-03-17,7.4,7.59,7.37,7.51,399068,403211648.0
2022-03-18,7.5,7.65,7.46,7.6,797102,812901360.0
2022-03-21,7.62,7.66,7.45,7.5,242983,245949513.0
2022-03-22,7.53,7.61,7.5,7.59,216925,220372351.0
2022-03-23,7.85,7.91,7.66,7.79,400811,416380112.0
2022-03-24,7.82,7.95,7.76,7.79,309162,322502240.0
2022-03-25,7.79,7.8,7.58,7.62,272652,279546112.0
2022-03-28,7.49,7.66,7.38,7.64,208723,211340237.0
2022-03-29,7.64,7.65,7.47,7.48,150104,151930972.0
2022-03-30,7.52,7.62,7.48,7.6,246172,250017063.0
2022-03-31,7.55,7.63,7.54,7.55,196830,200293589.0
2022-04-01,7.47,7.61,7.42,7.58,257103,260120647.0
2022-04-06,7.55,7.67,7.51,7.6,235828,240200749.0
2022-04-07,7.57,7.61,7.46,7.46,247863,251098719.0
2022-04-08,7.46,7.56,7.34,7.55,261061,262358568.0
2022-04-11,7.51,7.52,7.31,7.33,264342,264086109.0
2022-04-12,7.33,7.52,7.15,7.44,286929,285092560.0
2022-04-13,7.4,7.48,7.35,7.4,129919,130147229.0
2022-04-14,7.53,7.56,7.45,7.5,154969,156543595.0
2022-04-15,7.44,7.48,7.37,7.44,132651,133030006.0
2022-04-18,7.4,7.41,7.32,7.38,131664,131107044.0
2022-04-19,7.38,7.43,7.27,7.29,157258,156450304.0
2022-04-20,7.33,7.41,7.25,7.25,161124,159588854.0
2022-04-21,7.27,7.44,7.15,7.18,334622,332551312.0
2022-04-22,7.17,7.28,7.08,7.12,229895,224406395.0
2022-04-25,7.0,7.06,6.5,6.51,374585,352098240.0
2022-04-26,6.57,6.83,6.46,6.59,309924,286422608.0
2022-04-27,6.49,6.79,6.49,6.77,221228,205728982.0
2022-04-28,6.71,6.82,6.67,6.82,190648,178394040.0
2022-04-29,6.86,7.08,6.73,6.92,431291,410165408.0
2022-05-05,6.96,7.05,6.93,7.0,337840,323723952.0
2022-05-06,6.83,6.85,6.57,6.59,252537,234539370.0
2022-05-09,6.59,6.67,6.55,6.61,133697,123004963.0
2022-05-10,6.51,6.81,6.47,6.74,237015,220137032.0
2022-05-11,6.77,6.95,6.74,6.79,292138,276146672.0
2022-05-12,6.75,6.85,6.71,6.78,213739,200513265.0
2022-05-13,6.83,6.88,6.74,6.78,158988,149514706.0
2022-05-16,6.84,6.85,6.67,6.7,140857,131387568.0
2022-05-17,6.73,6.79,6.69,6.79,106059,99180841.0
2022-05-18,6.8,6.86,6.74,6.82,165699,155635182.0
2022-05-19,6.73,6.79,6.68,6.75,182136,169838176.0
2022-05-20,6.8,7.05,6.79,6.86,347010,329761424.0
2022-05-23,6.91,6.93,6.79,6.83,279735,264041230.0
2022-05-24,6.81,6.85,6.48,6.5,429206,396809440.0
2022-05-25,6.51,6.55,6.46,6.54,215239,196002103.0
2022-05-26,6.53,6.65,6.39,6.62,376145,343241648.0
2022-05-27,6.63,6.71,6.57,6.64,193422,178776401.0
2022-05-30,6.64,6.69,6.52,6.57,192656,177246079.0
2022-05-31,6.57,6.84,6.52,6.81,419882,392031104.0
2022-06-01,6.75,6.84,6.7,6.77,249910,234048427.0
2022-06-02,6.71,6.8,6.66,6.8,219331,204763150.0
2022-06-06,6.79,6.84,6.7,6.83,304062,285424048.0
2022-06-07,6.84,6.87,6.77,6.83,255481,240751099.0
2022-06-08,6.85,6.91,6.74,6.82,335576,316029456.0
2022-06-09,6.8,6.83,6.69,6.73,332814,310927840.0
2022-06-10,6.67,7.13,6.67,7.0,860086,819457920.0
2022-06-13,6.95,6.98,6.72,6.79,471627,444995616.0
2022-06-14,6.71,6.8,6.56,6.78,411980,381082384.0
2022-06-15,6.74,7.19,6.73,7.04,648453,623966048.0
2022-06-16,7.08,7.16,6.95,6.98,301439,290607472.0
2022-06-17,6.93,7.13,6.9,7.09,327436,315520608.0
2022-06-20,7.14,7.14,7.0,7.09,242157,234071826.0
2022-06-21,7.09,7.22,7.03,7.12,288142,280517600.0
2022-06-22,7.11,7.13,6.95,6.95,281061,269787920.0
2022-06-23,6.95,7.07,6.94,7.07,180647,173710075.0
2022-06-24,7.1,7.16,7.08,7.15,243948,237367556.0
2022-06-27,7.15,7.22,7.1,7.17,225043,219873504.0
2022-06-28,7.16,7.31,7.11,7.3,284767,279528352.0
2022-06-29,7.3,7.38,7.21,7.24,289340,285810192.0
2022-06-30,7.23,7.31,7.21,7.24,191134,188469064.0
2022-07-01,7.23,7.27,7.16,7.18,160570,157374489.0
2022-07-04,7.17,7.19,7.07,7.16,178010,173109371.0
2022-07-05,7.16,7.23,7.01,7.09,205679,199304054.0
2022-07-06,7.08,7.1,6.95,7.01,161111,154804214.0
2022-07-07,6.96,7.04,6.96,6.99,167869,160968201.0
2022-07-08,7.02,7.26,7.01,7.14,279107,272814704.0
2022-07-11,7.16,7.16,6.98,7.04,171128,164836673.0
2022-07-12,7.0,7.09,7.0,7.03,111672,107681114.0
2022-07-13,7.04,7.09,6.99,7.04,127642,123147840.0
2022-07-14,7.06,7.06,6.93,6.95,174073,166775089.0
2022-07-15,6.92,6.99,6.71,6.75,208283,197285495.0
2022-07-18,6.76,7.07,6.76,7.07,227850,218009048.0
2022-07-19,7.03,7.24,7.0,7.2,220672,214760107.0
2022-07-20,7.27,7.57,7.22,7.34,359495,359095149.0
2022-07-21,7.3,7.55,7.28,7.47,439126,441596359.0
2022-07-22,7.44,7.51,7.34,7.4,209675,209937571.0
2022-07-25,7.4,7.4,7.3,7.35,151867,151102858.0
2022-07-26,7.38,7.41,7.34,7.4,127648,127394538.0
2022-07-27,7.39,7.4,7.33,7.34,95612,95230022.0
2022-07-28,7.39,7.57,7.38,7.51,235809,238221670.0
2022-07-29,7.5,7.54,7.38,7.45,245795,246908242.0
2022-08-01,7.43,7.49,7.34,7.46,195099,196061258.0
2022-08-02,7.4,7.4,7.16,7.31,254973,251530380.0
2022-08-03,7.31,7.39,7.12,7.12,251707,247589214.0
2022-08-04,7.17,7.34,7.14,7.29,262538,258865299.0
2022-08-05,7.31,7.5,7.23,7.49,333842,317278072.0
2022-08-08,7.49,7.6,7.47,7.52,213091,204753605.0
2022-08-09,7.5,7.6,7.43,7.59,212654,204603951.0
2022-08-10,7.59,7.61,7.39,7.47,249568,238916869.0
2022-08-11,7.5,7.72,7.5,7.71,388470,378872304.0
2022-08-12,7.67,7.69,7.55,7.57,280158,271612719.0
2022-08-15,7.56,7.56,7.4,7.46,283474,270655350.0
2022-08-16,7.48,7.48,7.35,7.38,222966,211660833.0
2022-08-17,7.36,7.55,7.33,7.55,271793,260003173.0
2022-08-18,7.52,7.54,7.38,7.51,187032,178647004.0
2022-08-19,7.42,7.64,7.38,7.42,220858,211068998.0
2022-08-22,7.33,7.45,7.26,7.42,206135,195440456.0
2022-08-23,7.38,7.38,7.26,7.34,166372,156478680.0
2022-08-24,7.32,7.36,7.2,7.27,223057,208924103.0
2022-08-25,7.22,7.28,7.12,7.21,160727,149292286.0
2022-08-26,7.26,7.4,7.22,7.26,230610,217025874.0
2022-08-29,7.16,7.28,7.11,7.14,167138,154611795.0
2022-08-30,7.17,7.2,7.07,7.1,157760,145432218.0
2022-08-31,7.08,7.24,7.06,7.19,193888,179556720.0
2022-09-01,7.12,7.21,7.12,7.12,117813,109020771.0
2022-09-02,7.12,7.39,7.11,7.21,209252,195917384.0
2022-09-05,7.2,7.25,7.1,7.23,137115,126939973.0
2022-09-06,7.21,7.37,7.21,7.34,232852,219399882.0
2022-09-07,7.33,7.34,7.22,7.29,175144,164132941.0
2022-09-08,7.33,7.37,7.25,7.34,202010,190431669.0
2022-09-09,7.37,7.43,7.3,7.37,230658,218765212.0
2022-09-13,7.41,7.48,7.38,7.39,246809,235295997.0
2022-09-14,7.36,7.38,7.23,7.28,215461,202228603.0
2022-09-15,7.29,7.42,7.19,7.28,320571,301948219.0
2022-09-16,7.24,7.29,7.01,7.02,241803,222991398.0
2022-09-19,7.02,7.03,6.74,6.79,295433,264069156.0
2022-09-20,6.82,6.89,6.61,6.64,263999,232043254.0
2022-09-21,6.63,6.7,6.49,6.65,168825,146875512.0
2022-09-22,6.6,6.66,6.55,6.58,127659,111221532.0
2022-09-23,6.6,6.64,6.48,6.59,140559,121918277.0
2022-09-26,6.5,6.61,6.45,6.45,168426,145105102.0
2022-09-27,6.44,6.56,6.32,6.55,166102,141952686.0
2022-09-28,6.52,6.55,6.4,6.46,152130,130557828.0
2022-09-29,6.57,6.61,6.26,6.28,184804,157339387.0
2022-09-30,6.31,6.47,6.29,6.42,177301,150818151.0
2022-10-10,6.5,6.5,6.06,6.06,300982,250284586.0
2022-10-11,6.14,6.15,6.05,6.08,150209,123037473.0
2022-10-12,6.06,6.22,6.0,6.21,184507,151437895.0
2022-10-13,6.15,6.31,6.15,6.25,128093,106836071.0
2022-10-14,6.31,6.4,6.27,6.34,133767,113070841.0
2022-10-17,6.34,6.44,6.33,6.42,113401,96397910.0
2022-10-18,6.44,6.47,6.37,6.4,101679,86564719.0
2022-10-19,6.39,6.45,6.29,6.3,96539,81625060.0
2022-10-20,6.28,6.45,6.26,6.4,147123,124600194.0
2022-10-21,6.4,6.43,6.33,6.37,97277,82474124.0
2022-10-24,6.3,6.48,6.16,6.19,220717,185302010.0
2022-10-25,6.3,6.36,6.19,6.28,256915,215388845.0
2022-10-26,6.24,6.37,6.18,6.2,220811,184687348.0
2022-10-27,6.21,6.37,6.21,6.29,299075,251575248.0
2022-10-28,6.33,6.33,6.17,6.18,181880,151717127.0
2022-10-31,5.77,6.25,5.7,6.1,356879,291418444.0
2022-11-01,6.19,6.47,6.15,6.46,404397,342343374.0
2022-11-02,6.39,6.61,6.35,6.56,261069,224350257.0
2022-11-03,6.58,6.59,6.42,6.53,142809,122858382.0
2022-11-04,6.48,6.66,6.48,6.59,199044,173254360.0
2022-11-07,6.59,6.67,6.55,6.59,138169,120133226.0
2022-11-08,6.56,6.62,6.51,6.62,133205,115376976.0
2022-11-09,6.59,6.65,6.5,6.54,129049,111725192.0
2022-11-10,6.53,6.59,6.47,6.52,128468,110731425.0
2022-11-11,6.65,6.78,6.6,6.74,268140,235733873.0
2022-11-14,6.78,6.95,6.78,6.85,276693,248622266.0
2022-11-15,6.86,6.97,6.77,6.95,207431,186830815.0
2022-11-16,6.91,6.95,6.83,6.89,160851,144552726.0
2022-11-17,6.86,6.95,6.84,6.91,114763,103186151.0
2022-11-18,6.95,7.11,6.85,6.85,194890,176610121.0
2022-11-21,6.8,6.95,6.7,6.9,197485,176038721.0
2022-11-22,6.96,7.08,6.86,7.0,233764,212453345.0
2022-11-23,7.01,7.02,6.92,6.95,120259,108956274.0
2022-11-24,6.95,7.0,6.81,6.86,104737,94280356.0
2022-11-25,6.85,6.98,6.85,6.95,104598,94495510.0
2022-11-28,6.8,6.84,6.63,6.66,239804,210875888.0
2022-11-29,6.73,7.03,6.71,7.01,312036,282260950.0
2022-11-30,7.02,7.06,6.96,7.05,190565,173869428.0
2022-12-01,7.11,7.2,7.05,7.09,204624,188770394.0
2022-12-02,7.07,7.16,7.02,7.04,163489,150338230.0
2022-12-05,7.19,7.23,7.08,7.18,178326,165527157.0
2022-12-06,7.12,7.37,7.08,7.34,248314,233276988.0
2022-12-07,7.36,7.42,7.26,7.32,191966,181046551.0
2022-12-08,7.31,7.38,7.25,7.32,167858,157887768.0
2022-12-09,7.3,7.38,7.26,7.36,188147,177417860.0
2022-12-12,7.33,7.41,7.29,7.36,145526,137826959.0
2022-12-13,7.38,7.42,7.28,7.35,125844,118841995.0
2022-12-14,7.38,7.4,7.26,7.32,193306,182442115.0
2022-12-15,7.32,7.4,7.31,7.36,163265,154406546.0
2022-12-16,7.31,7.4,7.3,7.4,159680,151236058.0
2022-12-19,7.42,7.42,7.22,7.27,236969,223060524.0
2022-12-20,7.22,7.44,7.18,7.19,253998,239066940.0
2022-12-21,7.19,7.28,7.16,7.25,120302,112184474.0
2022-12-22,7.37,7.38,7.16,7.19,106237,99376277.0
2022-12-23,7.16,7.22,7.03,7.08,133412,123070649.0
2022-12-26,7.12,7.16,7.03,7.06,103703,95320065.0
2022-12-27,7.12,7.24,7.08,7.11,95188,88064683.0
2022-12-28,7.13,7.21,7.06,7.07,115176,106193999.0
2022-12-29,7.08,7.08,6.94,6.97,115288,104756465.0
2022-12-30,7.01,7.22,7.0,7.08,146494,134962400.0
2023-01-03,7.04,7.28,6.94,7.21,209071,193450520.0
2023-01-04,7.29,7.33,7.21,7.25,123857,115947363.0
2023-01-05,7.35,7.4,7.25,7.39,178185,168403617.0
2023-01-06,7.38,7.38,7.27,7.28,119240,112225417.0
2023-01-09,7.38,7.45,7.32,7.41,181150,172488288.0
2023-01-10,7.39,7.39,7.27,7.3,161826,152459008.0
2023-01-11,7.35,7.36,7.25,7.26,140861,132224319.0
2023-01-12,7.3,7.32,7.15,7.22,123655,115292163.0
2023-01-13,7.25,7.33,7.19,7.33,115876,108629375.0
2023-01-16,7.34,7.47,7.3,7.4,207610,197244832.0
2023-01-17,7.42,7.45,7.36,7.42,130979,124623998.0
2023-01-18,7.43,7.5,7.39,7.43,123424,117618834.0
2023-01-19,7.39,7.46,7.35,7.43,98757,93988270.0
2023-01-20,7.45,7.52,7.39,7.43,150755,143905678.0
2023-01-30,7.57,7.64,7.46,7.54,217748,210248030.0
2023-01-31,7.6,7.62,7.41,7.41,184630,177338332.0
2023-02-01,7.44,7.49,7.36,7.48,195248,186210775.0
2023-02-02,7.5,7.52,7.4,7.45,158757,151477030.0
2023-02-03,7.4,7.42,7.22,7.26,271191,254641004.0
2023-02-06,7.21,7.3,7.16,7.23,199794,186072469.0
2023-02-07,7.28,7.28,7.14,7.17,194772,181015776.0
2023-02-08,7.2,7.29,7.15,7.16,160435,149400914.0
2023-02-09,7.14,7.36,7.1,7.35,174156,162905446.0
2023-02-10,7.32,8.0,7.32,7.68,746094,736251616.0
2023-02-13,7.62,7.63,7.47,7.56,403000,388192236.0
2023-02-14,7.54,7.7,7.52,7.6,193428,187646558.0
2023-02-15,7.61,8.07,7.51,7.95,724498,723001800.0
2023-02-16,7.98,8.12,7.72,7.79,615668,617814958.0
2023-02-17,7.77,7.83,7.59,7.61,322609,316155794.0
2023-02-20,7.61,7.82,7.54,7.81,252747,247312067.0
2023-02-21,7.78,7.93,7.69,7.78,212945,210728836.0
2023-02-22,7.71,7.75,7.54,7.65,217787,211956351.0
2023-02-23,7.73,7.73,7.57,7.6,173994,169164611.0
2023-02-24,7.56,7.65,7.51,7.52,154815,149409336.0
2023-02-27,7.48,7.57,7.4,7.42,195856,187596249.0
2023-02-28,7.51,7.67,7.39,7.5,254313,244333577.0
2023-03-01,7.51,8.05,7.51,7.86,541571,536940994.0
2023-03-02,7.87,8.31,7.86,8.24,899725,924435338.0
2023-03-03,8.18,9.27,8.01,9.27,1594713,1714964630.0
2023-03-06,9.4,9.75,8.94,8.96,2678691,3079324473.0
2023-03-07,8.96,9.06,8.34,8.41,1636151,1755130290.0
2023-03-08,8.33,8.66,8.33,8.47,899550,955114851.0
2023-03-09,8.6,9.3,8.53,9.05,1887473,2074788699.0
2023-03-10,8.9,9.15,8.69,8.75,959511,1055607267.0
2023-03-13,8.78,9.53,8.78,9.51,1475094,1676340140.0
2023-03-14,9.5,9.83,9.32,9.66,1325333,1550402144.0
2023-03-15,9.86,10.24,9.67,9.97,1385755,1671700449.0
2023-03-16,9.9,10.46,9.85,10.25,1414219,1741411337.0
2023-03-17,10.45,11.49,10.45,11.49,1437647,1932690618.0
2023-03-20,12.29,12.85,12.22,12.78,3247584,4830178884.0
2023-03-21,12.79,12.89,12.1,12.5,2805700,4117272987.0
2023-03-22,12.9,13.96,12.9,13.96,2836035,4416811794.0
2023-03-23,14.59,15.2,14.34,14.89,3567149,6021729191.0
2023-03-24,14.75,15.71,14.55,15.56,3034400,5233784622.0
2023-03-27,14.98,15.89,14.51,15.53,3783619,6534761024.0
2023-03-28,14.98,15.35,14.29,14.35,2552180,4307404642.0
2023-03-29,14.6,14.9,12.75,14.06,3532927,5734185787.0
2023-03-30,14.11,14.96,13.44,14.78,2957329,4856324624.0
2023-03-31,14.6,15.38,14.31,15.12,2217192,3759699800.0
2023-04-03,14.99,15.75,14.32,15.66,3398147,5871067497.0
2023-04-04,15.14,15.8,14.92,15.31,2178577,3794273861.0
2023-04-06,15.9,16.9,15.3,16.9,2603043,4757350132.0
2023-04-07,16.68,16.85,15.6,16.27,1626452,2982443059.0
2023-04-10,15.96,16.23,14.99,15.37,1611111,2843784223.0
2023-04-11,15.54,15.65,14.81,15.25,1725069,2993061079.0
2023-04-12,15.42,16.64,15.1,16.32,1823041,3313872346.0
2023-04-13,16.15,16.85,15.25,15.56,1626837,2949474670.0
2023-04-14,15.48,16.27,15.3,15.97,1164476,2086155664.0
2023-04-17,15.89,16.14,15.29,15.83,1007602,1796009627.0
2023-04-18,15.78,17.45,15.55,17.09,1841183,3438069369.0
2023-04-19,16.98,17.21,15.17,15.17,2825819,5169020918.0
2023-04-20,15.17,16.9,15.11,16.9,3255603,5938781149.0
2023-04-21,17.4,17.77,16.09,16.69,2488269,4729618699.0
2023-04-24,16.74,17.0,15.87,16.23,1657450,3064750579.0
2023-04-25,15.96,16.68,15.65,16.4,1961278,3579727008.0
2023-04-26,16.68,16.88,14.55,14.55,2415148,4155268474.0
2023-04-27,13.8,14.74,13.73,14.0,2652764,4301910849.0
2023-04-28,14.03,14.78,13.81,14.02,2195698,3595198891.0
2023-05-04,13.88,13.9,13.03,13.28,2110000,3249895420.0
2023-05-05,13.23,13.26,12.36,12.67,2095333,3104383401.0
2023-05-08,12.63,12.68,12.25,12.58,1511140,2202460780.0
2023-05-09,12.58,13.13,12.3,12.6,1949480,2895339592.0
2023-05-10,12.6,12.94,12.27,12.5,1026619,1502842988.0
2023-05-11,12.41,12.7,12.25,12.36,1093982,1590025501.0
2023-05-12,12.24,12.69,12.12,12.26,801676,1160032070.0
2023-05-15,12.52,13.28,12.06,13.02,2323190,3437969744.0
2023-05-16,12.99,13.36,12.41,12.68,1666709,2488224300.0
2023-05-17,12.75,13.75,12.72,13.45,2146967,3314842388.0
2023-05-18,13.81,14.89,13.62,14.25,2868316,4704621858.0
2023-05-19,14.4,15.05,14.06,14.06,1744803,2898536350.0
2023-05-22,13.91,14.5,13.2,13.31,1761662,2782786704.0
2023-05-23,13.28,13.53,13.05,13.13,991487,1522136305.0
2023-05-24,13.04,13.19,12.43,12.72,1224922,1820114878.0
2023-05-25,13.9,14.2,13.56,14.2,3066759,4940496360.0
2023-05-26,14.23,15.19,14.06,14.69,2658723,4472661970.0
2023-05-29,15.19,15.98,15.0,15.8,3029228,5337846775.0
2023-05-30,15.32,16.21,14.83,15.93,2515116,4427330223.0
2023-05-31,16.01,16.48,15.4,15.95,2186397,3954507790.0
2023-06-01,15.5,16.11,15.43,15.82,1585823,2829531747.0
2023-06-02,16.1,16.25,15.5,15.73,1071115,1906662166.0
2023-06-05,15.96,17.17,15.64,16.83,2055526,3816461647.0
2023-06-06,16.5,17.01,16.0,16.12,1419313,2643588807.0
2023-06-07,16.1,16.4,15.73,15.93,965029,1749907000.0
2023-06-08,15.8,15.98,15.42,15.75,960586,1706987329.0
2023-06-09,15.75,17.54,15.53,17.54,2155132,4086444130.0
2023-06-12,18.21,19.27,18.16,19.25,2500999,5206129217.0
2023-06-13,19.1,20.48,18.77,19.92,2242848,4886032449.0
2023-06-14,19.65,21.35,19.48,20.69,2032553,4547021809.0
2023-06-15,20.5,21.7,20.38,20.54,1510106,3475872715.0
2023-06-16,20.54,22.24,20.25,21.96,1989771,4670191184.0
2023-06-19,22.4,24.37,21.6,24.36,2075930,5224454892.0
2023-06-20,23.77,24.34,22.46,23.93,2177997,5548451086.0
2023-06-21,23.4,23.4,22.0,22.4,1594267,3934455891.0
2023-06-26,21.8,22.68,20.65,20.99,1946822,4569065399.0
2023-06-27,21.31,21.31,20.67,20.91,1009206,2325935660.0
2023-06-28,19.89,21.34,19.23,20.88,1694122,3805901695.0
2023-06-29,20.91,22.25,20.8,21.7,1699548,4024690082.0
2023-06-30,21.45,23.65,21.21,23.1,1949811,4758139006.0
2023-07-03,23.3,23.62,21.38,22.27,1556356,3812430137.0
2023-07-04,21.9,23.2,21.87,22.48,1108526,2724852436.0
2023-07-05,22.2,22.41,21.51,21.76,959801,2300738699.0
2023-07-06,21.5,22.65,21.5,21.78,975269,2363004012.0
2023-07-07,21.7,22.18,20.7,21.56,1051556,2467400528.0
2023-07-10,21.9,21.96,20.79,21.7,888598,2079013382.0
2023-07-11,21.9,22.5,21.4,22.14,1187436,2860137756.0
2023-07-12,21.9,21.9,20.31,20.43,1653803,3803466806.0
2023-07-13,20.88,22.68,20.67,22.68,1557740,3692431528.0
2023-07-14,23.61,25.16,23.35,25.16,2081319,5474742072.0
2023-07-17,24.79,24.79,23.52,24.01,1749725,4581994468.0
2023-07-18,23.98,24.55,22.97,23.43,1566161,4030402671.0
2023-07-19,23.82,24.32,22.64,22.99,1270262,3213940576.0
2023-07-20,22.8,22.85,20.7,21.15,2028230,4796612587.0
2023-07-21,20.94,21.44,20.5,20.94,1326290,3060013607.0
2023-07-24,20.69,22.43,20.69,21.56,1456211,3464207392.0
2023-07-25,21.95,22.58,21.0,21.9,1619429,3883664355.0
2023-07-26,21.4,22.08,20.11,21.15,1612811,3743366428.0
2023-07-27,21.03,21.19,20.23,20.58,1422649,3233438185.0
2023-07-28,20.75,21.07,20.13,20.71,1182659,2619015858.0
2023-07-31,20.7,21.55,20.26,20.78,1410991,3180890470.0
2023-08-01,20.65,21.6,19.98,21.12,1630855,3655613866.0
2023-08-02,20.7,21.31,20.56,20.77,835974,1873700193.0
2023-08-03,20.31,21.3,20.1,20.95,1184953,2640203325.0
2023-08-04,20.55,22.48,20.37,22.22,1868329,4306607786.0
2023-08-07,22.15,24.45,22.05,23.43,2299516,5689145334.0
2023-08-08,23.05,23.37,22.32,22.63,1315252,3206501097.0
2023-08-09,21.75,22.18,20.7,20.7,2184953,4991039039.0
2023-08-10,20.44,20.45,19.38,19.95,2383605,5102779608.0
2023-08-11,20.17,20.65,19.83,19.95,1376589,2999618734.0
2023-08-14,19.54,20.06,19.15,19.85,1293396,2737037106.0
2023-08-15,20.49,20.68,19.66,19.84,1571670,3425023036.0
2023-08-16,19.45,19.85,19.14,19.34,1201353,2520208813.0
2023-08-17,18.78,19.62,18.38,19.36,1347608,2786935601.0
2023-08-18,19.34,19.49,18.51,18.55,1020525,2084409527.0
2023-08-21,18.6,19.34,18.31,18.86,918720,1880744006.0
2023-08-22,19.65,20.9,19.18,20.9,1997066,4278439693.0
2023-08-23,20.62,20.67,19.51,19.79,1377277,2962775190.0
2023-08-24,20.95,21.75,20.35,20.88,2016512,4539145812.0
2023-08-25,19.65,19.92,18.64,18.77,1951191,4038616221.0
2023-08-28,19.88,19.88,18.66,19.13,1375394,2867096461.0
2023-08-29,19.0,20.59,18.73,20.04,1727641,3678743676.0
2023-08-30,20.34,20.92,20.02,20.25,1336895,2931335704.0
2023-08-31,20.01,20.68,19.78,20.36,1170775,2561965498.0
2023-09-01,20.24,20.44,19.35,19.7,940264,2005854005.0
2023-09-04,19.85,19.9,19.11,19.44,960343,2006222555.0
2023-09-05,19.22,19.24,18.64,18.76,993309,2023636694.0
2023-09-06,18.53,18.72,17.99,18.67,899082,1793430368.0
2023-09-07,18.43,18.43,17.64,17.65,1279588,2491071475.0
2023-09-08,17.46,17.67,16.89,17.53,929633,1758805480.0
2023-09-11,17.45,18.52,16.81,17.91,1365924,2644631310.0
2023-09-12,17.64,18.1,17.53,17.73,813488,1575512390.0
2023-09-13,17.61,17.71,17.13,17.31,755380,1426852678.0
2023-09-14,17.43,17.61,17.0,17.04,728533,1368811170.0
2023-09-15,17.08,17.15,16.48,16.58,958532,1754707907.0
2023-09-18,16.53,17.25,16.39,16.75,922539,1701928033.0
2023-09-19,16.77,17.45,16.58,16.93,1082722,2007364413.0
2023-09-20,16.94,17.43,16.63,16.85,1047324,1951207190.0
2023-09-21,16.71,17.2,16.67,16.76,738200,1364353569.0
2023-09-22,16.75,18.55,16.69,18.39,2128261,4131079561.0
2023-09-25,18.21,18.49,17.68,17.74,1046753,2051590554.0
2023-09-26,17.94,18.84,17.9,18.18,1267772,2527443848.0
2023-09-27,18.05,18.55,17.97,18.25,830304,1649178540.0
2023-09-28,18.48,18.78,18.01,18.15,734827,1459736692.0
2023-10-09,17.92,17.95,17.3,17.71,1051936,2010700007.0
2023-10-10,17.68,17.8,17.06,17.31,800631,1514705079.0
2023-10-11,17.61,18.1,17.3,17.62,902253,1735693090.0
2023-10-12,17.85,17.9,17.12,17.2,821651,1548478801.0
2023-10-13,17.06,17.06,16.26,16.33,1066817,1928970559.0
2023-10-16,16.34,16.34,15.75,15.87,951592,1663989371.0
2023-10-17,15.97,16.03,15.65,15.73,581479,1008406536.0
2023-10-18,15.05,15.58,14.55,15.37,1512938,2516260664.0
2023-10-19,15.03,15.54,14.93,14.98,859459,1437089344.0
2023-10-20,15.01,15.17,14.52,14.62,804678,1310063588.0
2023-10-23,13.0,13.0,13.0,13.0,237865,346093575.0
2023-10-24,11.76,12.59,11.7,12.21,3189679,4364905170.0
2023-10-25,12.27,12.3,11.92,11.99,1930659,2625027048.0
2023-10-26,11.85,12.47,11.69,12.28,1415805,1926808467.0
2023-10-27,12.28,12.64,12.11,12.52,999904,1394536019.0
2023-10-30,12.52,13.21,12.38,13.05,1208231,1739499854.0
2023-10-31,13.27,13.53,12.98,13.17,1521122,2250138537.0
2023-11-01,13.21,13.4,12.94,12.98,716601,1050021774.0
2023-11-02,13.33,13.44,13.03,13.05,825759,1220238642.0
2023-11-03,13.13,13.37,13.04,13.2,780844,1155544925.0
2023-11-06,13.37,13.51,13.23,13.42,984696,1470553982.0
2023-11-07,13.42,14.07,13.29,13.84,1426711,2170167447.0
2023-11-08,13.8,13.95,13.62,13.75,776357,1189968639.0
2023-11-09,13.95,14.19,13.86,14.04,1180598,1836882230.0
2023-11-10,13.85,14.24,13.78,13.86,904472,1404192265.0
2023-11-13,14.1,15.2,14.1,14.56,1692022,2746107541.0
2023-11-14,14.6,15.28,14.46,14.82,1239230,2036744729.0
2023-11-15,14.93,15.13,14.48,14.86,1100106,1796181525.0
2023-11-16,14.65,14.82,14.36,14.39,825175,1330396756.0
2023-11-17,14.32,14.85,14.32,14.8,919559,1491098997.0
2023-11-20,14.74,14.93,14.35,14.57,794665,1281681740.0
2023-11-21,14.64,14.7,14.38,14.41,647881,1042353837.0
2023-11-22,14.35,14.39,13.99,14.02,668499,1051738983.0
2023-11-23,14.18,14.26,13.83,14.17,625526,978521886.0
2023-11-24,14.25,14.25,13.68,13.85,869338,1336550877.0
2023-11-27,13.55,13.72,13.26,13.34,1514598,2266464637.0
2023-11-28,13.22,13.64,13.22,13.6,849575,1279183881.0
2023-11-29,13.6,13.64,13.36,13.4,628224,943270478.0
2023-11-30,13.53,13.68,13.19,13.55,948174,1422477453.0
2023-12-01,13.5,13.68,13.31,13.6,772622,1165230211.0
2023-12-04,13.66,13.67,13.22,13.23,733488,1096639726.0
2023-12-05,13.2,13.3,12.56,12.6,769487,1109274939.0
2023-12-06,12.59,12.86,12.57,12.7,566544,808626857.0
2023-12-07,12.83,12.92,12.59,12.78,567072,812267721.0
2023-12-08,12.81,14.21,12.75,14.21,1492915,2266887919.0
2023-12-11,14.22,14.28,13.64,14.04,1573185,2429544664.0
2023-12-12,14.06,14.22,13.42,13.71,1095769,1677111903.0
2023-12-13,13.71,13.84,13.49,13.53,766463,1164312185.0
2023-12-14,13.63,13.9,13.45,13.45,714419,1086318807.0
2023-12-15,13.55,13.6,13.16,13.23,619912,922563125.0
2023-12-18,13.23,13.78,13.2,13.48,933059,1408291061.0
2023-12-19,13.41,13.66,13.21,13.62,651403,978306779.0
2023-12-20,13.62,13.62,12.96,13.0,744238,1093316142.0
2023-12-21,13.0,13.31,12.9,13.02,659239,963005307.0
2023-12-22,12.96,13.05,12.71,12.77,669029,964875926.0
2023-12-25,12.65,13.08,12.64,12.66,539590,776180341.0
2023-12-26,12.57,12.72,12.2,12.32,422904,588280158.0
2023-12-27,12.4,12.54,12.28,12.38,506304,706127751.0
2023-12-28,12.64,13.48,12.47,13.25,1042023,1522613513.0
2023-12-29,13.25,13.87,13.17,13.57,896699,1358259324.0
2024-01-02,13.45,13.45,12.48,12.65,1280166,1834238096.0
2024-01-03,12.56,12.69,12.23,12.33,827288,1154214016.0
2024-01-04,12.23,12.32,11.8,11.92,1031539,1390232644.0
2024-01-05,11.9,12.07,11.65,11.75,633969,850023499.0
2024-01-08,11.69,11.75,11.5,11.53,582860,767066243.0
2024-01-09,11.78,12.03,11.51,11.64,886400,1178732748.0
2024-01-10,11.53,11.67,11.28,11.36,691550,896989917.0
2024-01-11,11.41,11.64,11.34,11.6,736633,963337025.0
2024-01-12,11.45,11.56,11.27,11.31,596072,771220392.0
2024-01-15,11.25,11.38,11.08,11.17,595441,760055553.0
2024-01-16,11.09,11.48,11.09,11.36,1022357,1311978067.0
2024-01-17,11.32,11.55,11.13,11.13,765428,988768028.0
2024-01-18,11.13,12.25,11.13,12.16,2220347,2966176138.0
2024-01-19,12.29,12.92,12.17,12.65,1991611,2829169536.0
2024-01-22,13.16,13.39,12.65,12.85,2146068,3147146255.0
2024-01-23,12.5,13.25,12.47,12.95,1647231,2384151801.0
2024-01-24,13.07,13.21,12.51,12.95,1416358,2039889528.0
2024-01-25,12.9,13.67,12.76,13.53,1654835,2470541712.0
2024-01-26,13.28,13.36,12.72,12.86,1405585,2051277667.0
2024-01-29,12.67,12.86,11.94,12.04,1219277,1674421619.0
2024-01-30,12.0,12.35,11.93,11.95,756191,1034328271.0
2024-01-31,11.75,12.0,11.47,11.76,884640,1178654515.0
2024-02-01,11.58,13.09,11.43,13.01,1798360,2561288968.0
2024-02-02,12.99,13.22,12.0,12.37,1593523,2271481022.0
2024-02-05,12.33,13.66,12.26,13.22,2226110,3243363776.0
2024-02-06,12.75,14.34,12.75,13.98,2334671,3576843175.0
2024-02-07,13.72,13.98,13.46,13.75,1737953,2648861173.0
2024-02-08,13.95,15.01,13.65,14.15,1870793,2963949494.0
2024-02-19,15.15,15.72,14.77,15.72,1988385,3376731916.0
2024-02-20,16.35,17.44,16.06,16.94,3053232,5554868237.0
2024-02-21,16.18,16.31,15.7,16.0,2485909,4361411875.0
2024-02-22,16.7,17.02,15.76,16.64,2593071,4644717973.0
2024-02-23,17.27,17.4,16.51,16.62,2237459,4126150026.0
2024-02-26,16.05,16.46,15.96,16.12,1767651,3139609159.0
2024-02-27,16.04,17.89,15.84,17.78,2863760,5308530292.0
2024-02-28,17.5,17.74,16.65,16.65,2194145,4136701239.0
2024-02-29,16.61,17.51,16.53,17.14,1824980,3398084193.0
2024-03-01,17.5,18.91,17.5,18.47,2481166,4892950969.0
2024-03-04,19.25,20.47,18.89,20.47,2681951,5710595359.0
2024-03-05,20.15,22.63,19.98,21.2,3097571,7050812139.0
2024-03-06,20.52,21.0,20.15,20.46,2302577,5085112589.0
2024-03-07,20.92,21.66,20.31,21.06,2702907,6085421452.0
2024-03-08,21.55,23.32,21.11,23.32,2857208,6824257680.0
2024-03-11,22.13,25.2,21.85,24.27,3359710,8195001191.0
2024-03-12,23.71,23.93,22.52,23.25,3125177,7726114946.0
2024-03-13,23.99,25.43,22.54,22.8,4920400,12619421139.0
2024-03-14,21.22,21.72,20.44,21.3,5506132,12448108454.0
2024-03-15,20.94,21.73,20.91,21.53,3583236,8214079652.0
2024-03-18,21.9,23.75,21.81,23.46,4248136,10433641458.0
2024-03-19,22.85,24.56,22.58,23.96,3791375,9516654769.0
2024-03-20,23.75,24.28,23.02,23.53,2989026,7531928513.0
2024-03-21,23.53,24.25,23.19,23.44,2697026,6810420622.0
2024-03-22,23.27,23.8,22.56,22.88,2603640,6429464240.0
2024-03-25,23.3,23.45,22.32,22.36,2339728,5719688823.0
2024-03-26,22.45,22.75,21.45,22.18,2463439,5848714351.0
2024-03-27,21.82,22.12,20.81,20.86,2376320,5453341226.0
2024-03-28,20.87,22.56,20.87,21.9,2756411,6411695654.0
2024-03-29,21.59,21.63,20.78,21.22,1693523,3846707807.0
2024-04-01,21.35,21.95,21.03,21.76,1699460,3938504686.0
2024-04-02,21.69,22.13,21.17,21.35,1538554,3555487009.0
2024-04-03,21.15,21.19,20.19,20.37,1768837,3905145590.0
2024-04-08,20.15,20.84,20.03,20.45,1223888,2705714760.0
2024-04-09,20.6,20.61,19.75,20.34,1372388,2976232278.0
2024-04-10,20.14,20.32,19.38,19.55,1236589,2620631468.0
2024-04-11,19.68,20.1,19.55,19.7,1355528,2899217552.0
2024-04-12,20.25,21.37,20.16,20.71,2543958,5686706943.0
2024-04-15,20.33,21.0,20.15,20.69,1492917,3313784495.0
2024-04-16,19.98,20.82,19.85,20.26,1243881,2714956237.0
2024-04-17,20.95,21.31,20.19,20.95,2048865,4573338864.0
2024-04-18,20.31,21.94,19.77,21.35,2326484,5211279395.0
2024-04-19,20.86,20.95,19.89,20.5,1885986,4146330681.0
2024-04-22,18.83,19.55,18.4,19.29,1723170,3546511611.0
2024-04-23,19.5,19.64,18.81,19.04,1040598,2158505427.0
2024-04-24,19.47,21.04,19.37,20.69,2237521,4867851884.0
2024-04-25,20.11,20.94,20.01,20.64,1199373,2644030377.0
2024-04-26,21.67,22.86,21.65,22.86,3527524,8519029870.0
2024-04-29,23.21,23.21,22.62,22.97,2566889,6273636106.0
2024-04-30,23.75,23.75,22.9,22.95,2305375,5712943191.0
2024-05-06,23.45,23.75,22.85,23.27,1715148,4260075771.0
2024-05-07,23.65,24.44,23.12,23.83,2409142,6122501658.0
2024-05-08,23.19,23.65,22.86,22.91,1411925,3488052621.0
2024-05-09,22.75,22.95,22.21,22.67,1433468,3459862019.0
2024-05-10,22.45,22.64,21.97,22.37,974638,2323699523.0
2024-05-13,22.38,22.79,22.25,22.45,1012136,2434496045.0
2024-05-14,22.85,22.94,21.91,22.25,1146807,2746620742.0
2024-05-15,22.33,23.45,22.2,22.75,1425040,3493813893.0
2024-05-16,24.18,24.87,23.86,24.03,2411610,6231606320.0
2024-05-17,23.65,24.25,23.55,24.15,1387359,3532613919.0
2024-05-20,23.75,24.68,23.46,24.67,1715322,4424493397.0
2024-05-21,24.39,24.65,23.91,24.17,1117078,2880736926.0
2024-05-22,24.14,24.31,23.64,23.88,986842,2511330102.0
2024-05-23,24.45,24.63,22.89,24.07,1818487,4611253745.0
2024-05-24,23.65,24.35,22.51,22.6,2051195,5084389549.0
2024-05-27,23.05,23.77,22.96,23.31,1466062,3646699891.0
2024-05-28,23.1,23.35,22.55,22.57,985647,2403414902.0
2024-05-29,23.2,23.27,22.55,22.66,902703,2201683548.0
2024-05-30,22.45,22.73,22.15,22.39,710186,1704977226.0
2024-05-31,22.12,22.53,21.36,21.36,1391132,3246306827.0
2024-06-03,21.36,22.59,21.35,22.32,1556125,3677729130.0
2024-06-04,22.32,22.35,21.9,22.24,821074,1943067318.0
2024-06-05,22.12,22.42,21.91,22.15,732816,1740337548.0
2024-06-06,23.33,24.52,23.33,24.52,2979325,7674821765.0
2024-06-07,24.3,24.59,22.33,22.98,2956978,7341980763.0
2024-06-11,22.95,23.5,22.49,22.66,1610391,3945047341.0
2024-06-12,23.0,23.93,22.76,22.82,1934349,4803851921.0
2024-06-13,23.25,25.04,23.22,24.35,2381979,6133068310.0
2024-06-14,24.5,26.17,24.29,25.68,2284523,6138937770.0
2024-06-17,25.52,26.44,25.13,25.96,2043932,5592828643.0
2024-06-18,25.98,27.36,25.98,27.07,2054130,5829921762.0
2024-06-19,27.64,27.72,26.74,26.92,1422463,4069391664.0
2024-06-20,26.92,27.54,26.83,27.06,1043474,2991085814.0
2024-06-21,25.95,27.19,25.89,26.92,1231321,3463436541.0
2024-06-24,26.25,26.92,25.77,26.0,1134130,3157646689.0
2024-06-25,25.21,25.65,24.66,24.89,1317100,3505269013.0
2024-06-26,25.57,25.83,24.9,25.62,1197861,3224735831.0
2024-06-27,25.12,25.7,24.77,25.26,1056595,2831106545.0
2024-06-28,25.15,26.23,25.14,25.85,1150061,3151830923.0
2024-07-01,25.86,26.64,25.45,26.45,1005197,2769311843.0
2024-07-02,26.2,26.32,25.71,25.81,901733,2475200110.0
2024-07-03,25.6,25.99,25.26,25.83,740225,2014567864.0
2024-07-04,26.2,26.3,25.61,25.72,790687,2171606461.0
2024-07-05,25.45,25.67,24.81,25.53,881540,2359759723.0
2024-07-08,25.32,25.88,25.26,25.41,639423,1734099061.0
2024-07-09,25.55,27.63,25.2,27.45,1595198,4499603103.0
2024-07-10,27.45,27.63,26.87,27.4,1025420,2958129613.0
2024-07-11,27.9,27.92,26.32,27.21,1284074,3681298002.0
2024-07-12,26.1,26.13,25.65,25.71,1292642,3537581677.0
2024-07-15,25.6,25.77,25.12,25.41,847118,2283405842.0
2024-07-16,25.41,26.05,24.81,25.91,1268270,3433207744.0
2024-07-17,25.51,25.55,24.29,24.4,1360612,3579744021.0
2024-07-18,23.27,23.91,22.78,23.86,1603036,3987867399.0
2024-07-19,23.42,23.75,23.0,23.11,1157326,2872113111.0
2024-07-22,22.94,23.48,22.67,23.36,1043013,2583806742.0
2024-07-23,23.8,23.9,22.98,22.99,989088,2472328010.0
2024-07-24,22.85,23.55,22.61,22.75,883936,2172629157.0
2024-07-25,21.95,22.19,21.45,21.65,1346031,3140485430.0
2024-07-26,21.65,22.11,21.4,21.95,859955,2005890391.0
2024-07-29,21.85,22.54,21.62,22.25,976987,2316856734.0
2024-07-30,21.94,22.05,21.08,21.3,1282949,2937657047.0
2024-07-31,21.21,22.33,21.19,22.29,1503000,3523270167.0
2024-08-01,23.05,23.23,22.41,22.42,1452511,3524832734.0
2024-08-02,21.38,21.55,20.7,20.78,1819823,4118348271.0
2024-08-05,19.55,19.97,18.73,18.87,2341599,4886015926.0
2024-08-06,19.48,19.68,18.95,19.26,1429616,2970093528.0
2024-08-07,19.05,19.26,18.76,18.85,1109344,2274063503.0
2024-08-08,18.45,19.04,18.2,18.93,1312416,2654203645.0
2024-08-09,19.25,19.77,19.06,19.24,1726815,3608863237.0
2024-08-12,18.96,19.37,18.92,19.09,926802,1913431142.0
2024-08-13,19.3,19.5,18.9,19.23,1014066,2100912052.0
2024-08-14,19.65,20.35,19.48,19.83,2109498,4530984888.0
2024-08-15,19.77,19.93,19.33,19.69,1264310,2605049267.0
2024-08-16,20.04,20.49,20.01,20.09,1518563,3219246358.0
2024-08-19,20.03,20.17,19.76,19.81,905047,1891974203.0
2024-08-20,20.14,20.21,19.54,19.68,904180,1882949855.0
2024-08-21,19.33,20.16,19.3,19.8,937099,1945131356.0
2024-08-22,19.81,19.82,19.24,19.42,822236,1677662039.0
2024-08-23,19.23,19.59,19.02,19.49,820164,1664348901.0
2024-08-26,19.63,19.73,19.03,19.15,757463,1533708332.0
2024-08-27,19.03,19.1,18.69,18.78,730994,1447122601.0
2024-08-28,18.63,19.09,18.53,18.8,678861,1339117467.0
2024-08-29,18.03,18.36,17.54,18.25,1372798,2598158621.0
2024-08-30,18.11,19.78,18.1,19.5,1923256,3894024149.0
2024-09-02,19.4,19.4,18.48,18.48,1313612,2592560075.0
2024-09-03,18.37,18.68,18.26,18.47,822969,1599480885.0
2024-09-04,17.53,18.01,17.43,17.95,1287535,2407196351.0
2024-09-05,17.89,18.24,17.74,17.91,818265,1547422597.0
2024-09-06,17.9,17.97,17.33,17.39,918167,1702211168.0
2024-09-09,17.16,17.67,17.13,17.63,865900,1593335404.0
2024-09-10,17.63,18.02,17.39,17.85,1015619,1895273408.0
2024-09-11,17.75,18.11,17.68,17.81,693071,1302534355.0
2024-09-12,18.42,18.67,17.83,17.87,1179950,2261474918.0
2024-09-13,17.89,18.62,17.89,18.28,1596820,3090243461.0
2024-09-18,18.03,18.13,17.6,17.78,814375,1529559614.0
2024-09-19,17.9,18.0,17.48,17.88,977367,1832408896.0
2024-09-20,18.03,18.27,17.76,17.89,903688,1709430548.0
2024-09-23,17.68,18.18,17.57,17.74,770526,1453569652.0
2024-09-24,17.93,19.61,17.91,19.61,2578305,5130805422.0
2024-09-25,20.35,20.86,20.04,20.1,2454176,5260220552.0
2024-09-26,20.14,20.72,19.89,20.69,1888155,4012792718.0
2024-09-27,21.05,22.03,20.88,22.03,1406876,3139300713.0
2024-09-30,23.33,24.32,22.53,24.22,2791674,6863945912.0
2024-10-08,26.74,26.74,24.35,26.74,3065615,8353966206.0
2024-10-09,26.73,27.33,24.7,25.03,2665827,7197497797.0
2024-10-10,25.55,25.71,24.08,24.83,1845426,4801598730.0
2024-10-11,24.43,24.95,23.15,23.62,1458644,3645912133.0
2024-10-14,23.57,24.2,22.99,24.19,1413804,3486650145.0
2024-10-15,24.22,24.78,23.63,23.63,1340918,3377437590.0
2024-10-16,22.64,23.12,22.22,22.56,1350643,3181044984.0
2024-10-17,22.8,23.25,22.64,22.74,1152798,2753947719.0
2024-10-18,23.01,25.11,23.01,25.11,2428536,6177895389.0
2024-10-21,25.84,26.01,24.64,25.23,2500426,6584950952.0
2024-10-22,25.52,25.81,24.83,25.29,1472538,3872117498.0
2024-10-23,24.82,25.08,24.28,24.64,1238150,3174466112.0
2024-10-24,24.19,24.83,23.86,24.38,921488,2324974143.0
2024-10-25,24.42,25.08,24.16,24.69,1066717,2731769321.0
2024-10-28,24.34,24.65,23.92,24.29,1086663,2740527329.0
2024-10-29,24.23,25.01,23.94,24.08,1383533,3511210240.0
2024-10-30,23.93,24.67,23.57,23.87,1212944,3035295520.0
2024-10-31,23.53,23.68,22.84,23.28,1867212,4520725516.0
2024-11-01,22.88,23.39,22.68,22.71,1130299,2705900739.0
2024-11-04,22.81,23.56,22.81,23.36,1095512,2656417976.0
2024-11-05,23.37,24.02,23.08,23.78,1532383,3775653367.0
2024-11-06,24.03,24.03,23.06,23.21,1565169,3825674261.0
2024-11-07,22.99,23.82,22.65,23.67,1549010,3759858836.0
2024-11-08,23.93,26.03,23.93,25.01,3313820,8684620573.0
2024-11-11,24.33,26.21,24.24,26.04,3129680,8231086030.0
2024-11-12,26.04,26.04,24.49,24.75,2311452,6024691958.0
2024-11-13,24.5,26.17,24.13,25.5,2394372,6252146823.0
2024-11-14,25.61,25.63,23.88,23.9,1850870,4734109353.0
2024-11-15,23.83,24.16,22.93,22.95,1517619,3712560403.0
2024-11-18,22.95,23.12,22.11,22.27,1122673,2640742072.0
2024-11-19,22.48,22.91,21.95,22.75,1074776,2515347736.0
2024-11-20,22.73,23.22,22.73,23.03,1145576,2745515817.0
2024-11-21,22.63,22.82,22.24,22.46,1229154,2887580665.0
2024-11-22,22.52,22.99,21.87,21.87,1211450,2836805756.0
2024-11-25,21.87,21.98,20.73,21.14,1284159,2845965547.0
2024-11-26,20.92,21.45,20.74,21.12,896673,1977884775.0
2024-11-27,20.95,21.45,20.75,21.35,868575,1922345866.0
2024-11-28,21.35,21.35,20.81,20.88,908158,1995650738.0
2024-11-29,20.88,21.73,20.78,21.22,1153973,2560538002.0
2024-12-02,21.1,21.78,21.1,21.59,1223315,2743941157.0
2024-12-03,21.71,21.71,21.08,21.27,881292,1962120597.0
2024-12-04,21.28,21.35,20.83,20.91,962608,2114514357.0
2024-12-05,20.95,21.68,20.95,21.57,1467166,3296525194.0
2024-12-06,21.57,21.7,21.26,21.63,1107237,2491375747.0
2024-12-09,21.65,21.65,21.03,21.16,931284,2070106173.0
2024-12-10,21.64,21.83,21.16,21.17,1299174,2916481422.0
2024-12-11,21.13,21.51,21.06,21.36,937454,2091065851.0
2024-12-12,21.4,21.68,21.23,21.37,909888,2035384897.0
2024-12-13,21.2,21.23,20.33,20.38,1651591,3576176007.0
2024-12-16,20.23,20.33,19.9,20.09,988166,2076540553.0
2024-12-17,20.02,21.2,19.95,20.63,1836546,3999723765.0
2024-12-18,20.65,20.73,20.21,20.44,923516,1975597414.0
2024-12-19,20.23,21.4,20.14,21.22,1824622,3997002708.0
2024-12-20,21.06,21.38,20.95,21.05,1249791,2760716991.0
2024-12-23,21.26,21.67,21.07,21.08,1383104,3081972767.0
2024-12-24,21.14,22.1,20.83,22.03,2100292,4726842841.0
2024-12-25,22.06,22.22,21.55,21.75,1625086,3716854498.0
2024-12-26,21.67,22.41,21.45,22.36,1954601,4515517027.0
2024-12-27,22.19,22.23,21.58,21.64,1796131,4104549967.0
2024-12-30,21.58,21.78,21.33,21.48,972770,2187789771.0
2024-12-31,21.49,21.53,20.53,20.53,1344455,2935692145.0
